date,HOME DEPOT,MCDONALDS,BOOKING,TJX,LOWES,STARBUCKS,OREILLY AUTOMOTIVE,DOORDASH,NIKE,CHIPOTLE MEXICAN GRILL,ROYAL CARIBBEAN GROUP,AUTOZONE,HILTON WORLDWIDE,MARRIOTT INTERNATIONAL,AIRBNB,GENERAL MOTORS,ROSS STORES,YUM BRANDS,FORD MOTOR CO,LULULEMON ATHLETICA,CARVANA,EBAY,D R HORTON,COUPANG,GARMIN,TRACTOR SUPPLY,DARDEN RESTAURANTS,CARNIVAL,LENNAR A,ULTA BEAUTY,EXPEDIA GROUP,PULTEGROUP,NVR,WILLIAMS SONOMA,DUOLINGO,TAPESTRY,GENUINE PARTS,DOMINOS PIZZA,DECKERS OUTDOOR,APTIV,DRAFTKINGS,BURLINGTON STORES,BEST BUY,LAS VEGAS SANDS,TEXAS ROADHOUSE,RIVIAN AUTOMOTIVE,SOMNIGROUP INTERNATIONAL,RALPH LAUREN,POOL,SERVICE,TOLL BROTHERS,LKQ,ARAMARK,CARMAX,WINGSTOP,DICKS SPORTING,WYNN RESORTS,HASBRO,PLANET FITNESS,TOPBUILD,LITHIA MOTORS,SKECHERS USA,H&R BLOCK,NORWEGIAN CRUISE LINE,MURPHY USA,BRINKER INTERNATIONAL,DUTCH BROS,FLOOR DECOR,MGM RESORTS INTERNATIONAL,BORGWARNER,ETSY,CHURCHILL DOWNS,FIVE BELOW,WYNDHAM HOTELS RESORTS,BATH AND BODY WORKS,MATTEL,SHARKNINJA,CAVA GROUP,GRAND CANYON EDUCATION,STRIDE,VAIL RESORTS,HYATT HOTELS,CAESARS ENTERTAINMENT,TAYLOR MORRISON HOME,CROCS,GROUP AUTOMOTIVE,MOHAWK INDUSTRIES,ADTALEM GLOBAL EDUCATION,URBAN OUTFITTERS,GENTEX,BOOT BARN,MODINE MANUFACTURING,LEAR,AUTONATION,BOYD GAMING,ASBURY AUTOMOTIVE GROUP,MERITAGE,VALVOLINE,SHAKE SHACK,PVH,GAP,WHIRLPOOL,VF,FRONTDOOR,THOR INDUSTRIES,WAYFAIR,ABERCROMBIE AND FITCH,BRUNSWICK,INSTALLED BUILDING PRODUCTS,CHAMPION HOMES,KONTOOR BRANDS,CHOICE HOTELS INTERNATIONAL,DORMAN PRODUCTS,KB HOME,AMER SPORTS,CAVCO INDUSTRIES,SIGNET JEWELERS,ACADEMY SPORTS AND OUTDOORS,ADT,GOODYEAR TIRE & RUBBER,MACYS,GRAHAM  COMPANY,ADVANCE AUTO PARTS,LAUREATE EDUCATION,HILTON GRAND VACATIONS,HARLEY DAVIDSON,M I HOMES,BIRKENSTOCK,TRI POINTE HOMES,YETI,PERDOCEO EDUCATION,PENN ENTERTAINMENT,PELOTON INTERACTIVE,CHEESECAKE FACTORY,LIFE TIME GROUP,MARRIOTT VACATIONS WORLDWIDE,NEWELL BRANDS,LCI INDUSTRIES,POLARIS,VISTEON,LUCID GROUP,WENDYS,STRATEGIC EDUCATION,CAPRI,WARBY PARKER,PHINIA,LA-Z-BOY,COLUMBIA SPORTSWEAR,AMERICAN EAGLE OUTFITTERS,ACUSHNET,FOOT LOCKER,UNIVERSAL TECHNICAL INSTITUTE,GREEN BRICK PARTNERS,STEVEN MADDEN,HANESBRANDS,NATIONAL VISION,UNITED PARKS AND RESORTS,VICTORIA S SECRET,INTERNATIONAL GAME TECHNOLOGY,DILLARDS,PAPA JOHNS INTERNATIONAL,QUANTUMSCAPE,UPBOUND GROUP,ADIENT,WOLVERINE WORLD WIDE,CENTURY COMMUNITIES,SWEETGREEN,EVERI,LEGGETT & PLATT,SONOS,UNDER ARMOUR,WINMARK,COURSERA,SUPER GROUP,CARTERS,LENNAR,FOX FACTORY,LGI HOMES,BUCKLE,BJS RESTAURANTS,WINNEBAGO INDUSTRIES,LOLN EDUCATIONAL SERVICES,CAMPING WORLD,SALLY BEAUTY,OXFORD INDUSTRIES,XPEL,KOHLS,SONIC AUTOMOTIVE,TOPGOLF CALLAWAY BRANDS,GENTHERM,THREDUP,SABRE,REVOLVE GROUP,BEAZER HOMES,DAVE AND BUSTERS ENTERTAINMENT,BUILD A BEAR WORKSHOP,PLAYAGS,HELEN OF TROY,FIGS,BLOOMIN BRANDS,UDEMY,CARRIAGE SERVICES,DREAM FINDERS HOMES,ETHAN ALLEN INTERIORS,ODP,MALIBU BOATS,THE REALREAL,STANDARD MOTOR PRODUCTS,STURM RUGER,GOLDEN ENTERTAINMENT,ACCEL ENTERTAINMENT,SMITH WESSON BRANDS,CALERES,PURSUIT ATTRACTIONS AND HOSPITALIT,HOVNANIAN ENTERPRISES,COOPER STANDARD,LINDBLAD EXPEDITIONS,ARHAUS,LANDSEA HOMES,KURA SUSHI USA,DINE BRANDS GLOBAL,POTBELLY,SHOE CARNIVAL,JACK IN THE BOX,KINDERCARE LEARNING,AMERICAS CAR MART,FIRST WATCH RESTAURANT GROUP,ARKO,HAVERTY FURNITURE,MASTERCRAFT BOAT,EVGO,CRICUT,LOVESAC COMPANY,SAVERS VALUE VILLAGE,BEYOND,MOVADO GROUP,JAKKS PACIFIC,GENESCO,ZUMIEZ,TARGET HOSPITALITY,DENNYS,KRISPY KREME,DESIGNER BRANDS,SLEEP NUMBER,HOOKER FURNISHINGS,SOLID POWER,INSPIRED ENTERTAINMENT,ONEWATER MARINE,OUTDOOR,XPONENTIAL FITNESS,JOHNSON OUTDOORS,EUROPEAN WAX CENTER,CHEGG,STONERIDGE,LESLIES,GROWGENERATION,FUNKO,IROBOT,GOPRO,LUMINAR TECHNOLOGIES
2025-03-07,51,39,73,66,48,59,0,68,76,15,0,64,0,92,73,58,10,54,0,0,83,94,0,44,60,50,56,71,0,33,56,0,59,67,89,90,69,56,0,38,45,19,68,0,32,0,0,64,31,87,74,100,65,63,45,57,0,15,32,0,0,0,29,47,81,0,45,67,100,58,82,1,46,0,49,29,60,0,0,71,24,82,0,0,45,87,0,0,79,48,65,0,93,88,0,0,86,73,53,28,79,66,73,53,0,51,47,90,0,89,0,0,0,49,36,0,0,67,74,0,59,75,75,0,66,68,0,46,82,52,0,0,0,42,69,0,70,0,72,0,0,63,55,33,77,0,46,46,31,66,56,54,0,0,0,47,0,0,0,64,0,39,0,0,0,58,85,0,0,60,66,0,71,60,68,82,66,40,69,47,0,0,52,71,0,72,61,79,0,0,63,74,0,59,0,0,0,50,52,0,41,0,0,0,78,0,91,0,90,0,0,0,0,0,0,0,0,55,0,0,0,46,59,70,0,0,0,0,0,0,40,74,0,0,72,0,62,66,82,0,47,17,69,60,0,51,0,0,38,0,0,77,81,67,26,0,74,35,58,0
2025-03-08,63,48,73,60,64,63,0,78,92,17,0,97,0,77,77,57,13,38,0,0,83,94,0,0,90,70,55,86,0,46,0,0,73,83,61,92,89,72,0,0,59,31,80,0,55,0,0,75,38,73,84,81,65,81,59,82,0,14,38,0,0,0,30,51,70,0,65,100,0,71,86,1,61,0,77,26,0,0,0,81,28,80,0,0,68,61,0,0,81,0,98,0,66,86,72,0,70,100,74,22,90,88,59,0,0,66,63,88,0,75,0,0,0,59,0,0,0,69,67,0,74,0,100,0,78,86,0,60,78,59,0,0,0,74,26,96,0,0,87,0,0,72,0,44,98,0,60,75,37,51,76,48,0,48,0,0,0,0,0,87,0,0,0,0,0,0,82,0,0,80,82,0,66,57,80,82,73,100,84,60,0,0,69,90,0,53,90,0,0,0,76,77,0,47,0,71,0,43,48,58,95,0,0,0,34,0,100,0,0,0,0,0,0,0,0,0,0,79,0,0,0,44,86,89,0,0,0,0,0,0,43,95,0,0,80,0,100,0,95,0,77,24,60,69,0,49,0,0,54,0,0,87,70,57,38,0,89,60,90,0
2025-03-09,61,46,72,63,62,63,0,65,92,15,0,80,0,74,90,44,15,33,0,0,81,100,0,47,79,65,52,85,60,43,0,0,59,100,60,94,91,67,0,0,61,30,76,0,54,0,0,79,37,62,100,76,43,100,62,83,83,15,43,0,0,0,28,60,71,0,67,82,0,0,87,1,70,0,84,25,0,0,0,81,36,94,0,0,58,29,0,0,93,0,100,0,54,65,77,0,76,77,74,0,87,88,55,0,0,70,75,80,0,93,0,0,0,68,0,0,0,94,62,0,76,0,88,0,72,82,0,62,0,64,0,0,0,65,41,0,0,0,86,0,0,72,0,45,100,0,71,60,63,44,72,51,0,0,0,40,0,0,0,90,0,0,0,0,100,62,85,0,0,75,90,0,61,58,91,83,52,51,94,47,0,0,71,92,0,40,77,0,0,0,75,76,0,46,0,0,0,55,37,0,33,0,0,0,25,0,54,0,0,0,0,0,0,0,0,0,0,100,0,0,0,49,93,92,0,0,0,0,0,53,49,96,0,0,78,0,90,0,98,0,76,25,53,64,0,31,0,0,59,0,0,76,76,62,20,0,97,49,80,0
2025-03-10,52,37,78,77,50,52,0,60,76,18,0,67,0,71,80,63,9,38,0,0,81,88,0,44,67,53,47,75,68,28,0,0,69,68,82,97,96,41,0,42,45,25,64,84,25,0,0,63,33,88,93,91,82,84,42,54,0,14,36,0,0,0,36,49,66,0,44,70,0,67,89,1,47,0,52,21,62,0,0,90,53,88,37,0,49,83,0,0,69,53,57,0,94,83,65,0,65,64,45,34,89,73,83,0,100,58,52,87,0,50,0,0,72,55,0,0,0,68,79,0,58,57,70,0,86,73,0,49,66,58,0,0,0,32,75,0,56,0,76,0,0,60,60,34,77,0,54,57,28,62,52,48,0,42,0,82,0,0,0,66,0,0,0,44,0,67,87,0,0,57,69,0,82,56,65,91,67,44,72,0,0,0,55,65,0,71,56,0,0,0,70,71,0,56,0,78,0,66,44,0,41,0,0,0,56,0,62,87,0,0,0,0,0,0,0,61,0,66,0,0,0,46,54,67,0,0,0,0,0,0,42,70,0,0,74,100,76,0,77,0,42,18,53,54,0,64,0,0,49,0,0,68,91,65,28,0,68,31,63,0
2025-03-11,56,36,80,64,52,50,0,59,78,19,71,69,0,85,82,68,11,43,0,0,85,88,0,68,77,51,44,66,88,25,0,0,69,58,82,84,76,39,0,54,45,0,64,0,23,0,0,62,34,93,74,86,92,76,41,52,0,13,34,0,0,0,31,53,69,0,42,75,0,57,86,1,46,0,48,23,0,0,0,92,36,86,0,0,51,78,0,0,66,39,63,0,84,87,0,0,77,64,52,27,79,67,86,0,0,55,55,88,0,84,0,0,70,58,0,0,49,74,80,0,57,71,70,0,86,75,0,50,76,56,0,59,0,31,74,0,88,0,77,0,0,62,76,39,83,0,47,57,92,49,56,61,0,0,0,73,0,0,0,62,0,40,0,0,0,79,89,66,0,56,71,0,89,57,67,85,56,54,75,0,0,0,54,68,0,57,55,74,0,0,65,80,0,48,0,0,0,77,44,0,46,0,0,0,71,64,78,0,0,0,0,0,0,0,0,0,0,63,0,0,0,57,55,68,0,0,0,67,0,0,45,69,0,0,75,0,72,0,74,0,41,19,57,48,0,62,0,0,48,0,0,77,92,70,31,0,60,39,64,0
2025-03-12,54,41,80,76,50,55,0,61,74,22,0,66,0,71,82,64,9,45,0,0,90,92,0,46,67,52,0,68,60,26,58,0,86,63,87,81,63,40,0,100,46,18,63,0,25,0,0,64,35,88,78,89,91,70,40,54,0,13,33,0,0,0,31,52,76,0,48,73,0,51,88,1,43,0,48,23,0,0,0,94,27,83,66,0,100,76,0,0,67,46,60,0,84,91,0,0,87,65,52,33,91,68,73,0,0,56,51,88,0,78,0,0,77,62,0,0,0,64,77,0,63,84,76,0,74,74,0,50,97,60,0,0,0,32,58,0,55,0,74,0,73,61,73,42,84,0,62,49,48,74,54,66,0,0,0,68,0,0,0,67,0,45,0,42,0,51,89,0,0,49,71,0,91,62,70,96,75,37,71,59,0,0,47,62,0,66,56,100,0,0,66,73,0,64,0,0,0,85,46,0,50,0,0,0,76,0,52,0,0,87,0,0,0,0,0,100,0,55,42,0,0,50,58,67,0,0,0,82,0,0,41,73,0,0,71,0,50,0,69,0,42,19,74,56,0,57,0,0,50,0,0,87,89,55,35,0,70,62,55,0
2025-03-13,52,37,75,69,50,52,0,61,76,19,79,64,0,84,79,66,9,46,0,0,87,87,0,48,65,52,39,69,66,25,0,0,65,61,91,87,72,41,0,37,49,17,63,50,26,0,0,59,34,89,71,89,85,71,41,52,0,15,31,0,0,0,28,48,65,78,45,65,0,50,81,1,43,0,61,21,38,0,0,88,27,85,40,0,51,78,0,0,64,68,66,0,83,84,0,0,70,67,50,24,88,60,83,54,0,52,57,83,0,57,0,0,0,52,0,0,37,53,82,0,57,0,84,0,74,73,0,50,76,55,0,0,0,35,53,0,0,0,75,0,0,62,50,41,79,0,44,47,46,60,58,0,0,38,0,64,0,0,0,64,0,55,0,42,0,63,87,0,0,61,67,0,84,60,72,87,75,63,74,0,0,0,45,68,0,72,56,0,0,0,58,86,0,65,0,0,0,46,44,0,39,0,0,0,67,0,53,0,0,0,0,0,0,0,0,59,0,62,0,0,0,57,60,65,79,0,0,0,0,0,41,76,0,0,85,0,53,0,67,0,48,18,53,56,0,53,0,0,45,0,0,83,79,77,35,0,66,57,55,0
2025-03-14,54,42,73,85,52,55,0,66,83,25,99,72,0,68,69,62,9,30,0,0,87,88,73,52,64,56,50,67,63,29,0,0,68,63,74,83,73,75,0,53,48,11,64,50,33,0,0,62,34,87,96,90,57,65,48,58,62,14,33,0,0,0,28,44,84,0,50,67,0,0,81,1,46,0,57,23,32,0,0,78,25,87,0,0,49,73,0,0,62,34,72,0,65,92,59,0,77,71,60,30,85,58,70,0,0,57,50,91,0,77,0,0,0,64,31,0,0,78,73,0,60,0,81,0,73,79,0,52,0,59,0,0,0,43,53,0,62,0,75,0,0,61,73,41,74,0,53,65,52,67,64,41,0,0,0,40,0,0,0,69,0,32,0,0,0,70,86,0,0,61,71,0,71,54,73,84,54,44,78,49,0,0,53,73,0,59,64,0,0,0,73,72,0,51,0,69,0,60,42,0,40,0,0,0,64,0,68,0,0,0,0,0,0,0,0,0,0,56,0,0,0,47,61,73,88,0,0,0,0,0,43,72,0,0,73,0,72,0,75,0,53,22,49,53,0,86,0,0,47,100,0,83,77,68,40,0,69,48,63,0
2025-03-15,63,47,74,66,67,65,0,71,94,19,0,97,0,71,76,47,13,0,0,0,95,93,0,36,77,68,37,80,65,35,0,0,54,81,55,91,78,77,0,0,50,26,76,0,54,0,0,75,39,77,95,69,55,73,61,75,0,15,39,0,0,0,30,53,62,0,66,80,0,0,85,1,61,0,80,24,0,0,0,91,23,86,0,0,51,56,0,0,74,0,92,0,64,81,0,0,80,87,78,0,85,85,60,0,0,64,73,89,0,69,0,0,100,52,0,0,0,63,62,0,76,0,93,0,75,90,0,63,0,66,0,0,0,74,28,0,0,0,92,0,0,70,0,46,93,0,72,51,64,65,100,0,0,0,0,37,0,0,0,84,0,0,0,0,0,0,71,0,0,80,82,0,62,51,93,81,55,69,85,0,0,0,64,93,0,61,73,0,0,0,75,72,0,55,0,84,0,77,51,0,96,0,0,0,35,0,68,0,0,0,0,0,0,0,0,0,0,92,0,0,0,44,91,88,0,0,0,0,0,0,37,88,0,0,80,0,97,86,91,0,81,32,70,69,0,69,0,0,59,0,0,77,74,76,34,0,92,52,86,0
2025-03-16,65,51,73,59,68,74,0,65,100,31,0,75,0,87,88,52,12,0,0,74,89,99,0,0,78,74,0,88,0,36,71,0,57,97,55,87,64,67,0,0,55,25,77,0,47,0,0,84,41,66,88,55,42,67,59,78,0,15,42,0,0,0,26,57,76,0,70,75,0,0,87,1,72,0,79,22,0,0,0,88,15,93,0,0,54,38,0,0,82,0,91,0,65,65,0,0,87,76,79,0,98,88,66,0,0,72,85,85,0,62,0,0,0,44,0,0,0,77,64,0,87,86,83,0,87,81,0,70,70,73,0,0,0,62,52,0,0,0,87,0,0,76,0,47,92,0,64,63,75,69,72,0,0,56,0,0,0,0,0,94,0,0,0,0,0,59,79,0,0,76,91,0,59,53,97,86,43,61,94,68,0,0,56,100,0,55,85,0,0,0,83,77,0,65,0,68,0,58,45,0,39,0,0,0,42,0,59,0,0,0,0,0,0,0,0,0,0,90,0,0,0,47,91,94,0,0,0,0,0,0,37,93,0,0,80,0,94,0,99,0,83,37,71,68,0,34,0,0,60,0,0,70,80,59,48,0,94,52,78,0
2025-03-17,53,38,74,85,51,55,0,58,77,17,0,67,0,74,84,63,12,29,0,0,79,89,0,46,69,50,42,72,0,23,0,0,72,60,74,87,79,42,0,66,48,15,62,52,25,0,0,65,36,90,100,92,68,64,41,50,0,12,46,0,82,0,34,56,67,0,47,65,0,67,90,1,45,93,49,26,41,54,0,84,19,89,45,0,39,75,0,0,67,41,61,0,75,82,0,0,76,64,52,20,94,74,60,56,0,59,61,88,0,67,0,0,0,56,0,0,0,47,79,0,60,59,72,0,85,68,0,50,61,60,0,0,0,33,84,0,0,0,74,0,0,54,51,39,76,0,64,56,62,39,52,62,0,0,0,54,0,0,0,60,0,51,0,62,0,42,79,0,0,57,71,0,81,59,76,82,68,45,76,0,0,0,54,66,0,67,59,0,0,0,65,77,0,88,0,0,0,74,38,0,41,0,0,0,73,79,57,0,0,0,0,0,0,0,0,0,0,69,0,0,0,49,56,67,0,0,0,0,0,0,38,72,0,0,73,0,92,0,71,0,42,43,60,63,0,53,0,0,47,0,0,69,87,63,36,0,68,40,60,86
2025-03-18,55,37,77,79,51,52,0,58,74,24,0,65,0,79,81,84,9,46,0,0,87,89,0,52,67,50,50,66,0,24,0,0,75,62,80,87,84,38,0,54,50,12,60,0,23,0,0,63,37,92,76,96,76,64,40,52,0,16,37,0,0,0,31,53,77,0,47,67,0,60,83,1,44,0,47,26,34,0,0,92,33,90,0,0,40,83,74,0,67,79,55,0,90,85,0,0,84,61,46,23,83,67,57,57,0,53,60,91,0,58,0,0,87,71,32,0,0,38,81,0,55,76,66,0,96,71,0,51,71,61,0,0,0,34,55,0,77,0,72,0,61,56,92,44,80,0,89,42,42,69,54,39,0,47,0,76,0,0,0,64,0,0,0,39,0,38,90,0,0,59,67,0,89,87,72,89,71,49,79,0,0,0,53,66,0,78,58,0,0,0,62,89,0,57,0,0,0,54,44,0,41,0,0,0,100,0,60,0,0,0,0,0,0,0,0,0,0,61,0,0,0,56,52,63,94,0,0,0,0,0,59,72,0,0,70,0,62,75,76,0,44,22,61,53,0,75,0,0,47,0,0,67,94,62,43,0,71,44,59,100
2025-03-19,54,37,90,72,51,54,0,61,77,19,66,59,0,88,86,70,9,74,0,0,87,89,0,53,67,51,49,63,77,24,0,0,79,64,77,94,83,43,0,50,54,20,61,82,25,0,0,63,38,92,90,96,95,66,40,51,0,14,34,0,0,0,30,55,79,0,47,63,74,56,86,2,45,0,46,22,61,0,0,100,25,85,40,0,41,73,0,0,62,68,55,0,94,84,0,0,92,64,52,0,79,64,83,64,0,56,54,87,0,63,0,0,73,39,35,0,100,47,81,0,57,85,68,0,90,69,0,50,0,57,0,0,0,35,52,0,100,0,73,0,0,55,83,41,76,0,55,50,35,68,50,44,0,0,0,100,0,0,0,66,0,55,0,45,0,0,94,0,0,61,66,0,86,60,81,89,43,34,75,0,0,0,51,61,0,76,60,0,0,0,67,77,0,59,0,0,0,56,45,44,45,0,0,0,96,0,81,0,0,0,0,0,0,0,0,0,0,56,0,0,0,51,57,66,0,0,0,0,0,0,43,73,0,0,76,0,79,0,71,0,45,21,58,54,0,50,0,0,47,80,0,68,83,70,29,0,76,32,62,0
2025-03-20,54,39,78,69,51,51,0,60,76,17,100,61,0,85,84,74,9,39,0,0,84,88,0,61,64,51,97,69,71,23,56,0,80,56,75,86,99,44,0,74,66,19,60,80,25,0,0,59,36,86,86,84,100,63,41,54,100,14,35,0,89,0,27,48,73,0,44,63,0,75,79,1,43,0,50,26,41,0,100,86,20,86,45,0,40,81,0,0,62,44,61,0,86,81,57,0,86,62,52,0,83,64,73,50,0,56,52,84,0,80,0,0,0,66,0,0,50,69,74,0,62,59,83,0,72,71,0,50,100,57,0,0,0,39,51,0,61,0,70,0,0,61,71,43,71,0,65,64,57,61,54,39,0,56,0,65,0,0,0,66,0,29,0,50,0,61,81,0,0,55,66,0,81,81,78,97,32,35,79,40,0,0,54,67,0,82,60,0,0,0,71,82,0,83,0,57,0,69,43,0,41,0,65,0,80,0,54,0,0,0,0,0,0,0,0,0,0,53,0,0,0,55,51,68,78,0,0,0,0,0,45,72,0,0,83,0,63,0,60,0,42,20,70,56,0,70,0,0,44,0,0,68,77,64,39,0,71,41,58,0
2025-03-21,54,44,70,67,51,54,0,74,75,100,0,65,0,99,75,73,11,26,0,0,79,88,0,69,61,53,37,69,76,25,0,0,68,63,72,94,67,56,0,58,65,16,64,0,36,0,0,63,36,87,78,83,78,66,45,58,0,14,32,0,0,0,27,44,57,0,47,63,0,54,77,1,48,0,56,24,39,0,84,84,20,75,37,0,43,76,0,0,66,49,71,0,66,80,77,0,71,72,61,21,79,65,56,53,0,57,55,88,0,65,0,0,0,47,0,0,40,64,77,0,66,60,70,0,89,70,0,49,63,54,0,0,0,50,47,0,67,0,72,0,0,63,67,43,77,0,59,64,41,68,53,0,0,0,0,72,0,0,0,64,0,38,0,0,0,49,79,0,0,54,65,0,69,47,76,89,62,54,78,100,0,0,57,73,0,58,59,0,0,0,73,90,0,92,0,87,0,71,74,0,54,0,0,0,64,0,66,0,0,0,0,0,0,0,0,57,0,62,0,0,0,50,58,68,0,0,0,0,0,0,48,73,0,0,81,0,0,0,65,0,52,18,45,55,0,41,0,0,46,0,100,79,66,74,47,0,73,40,61,0
2025-03-22,68,51,69,63,71,64,0,72,89,34,0,91,0,69,78,53,14,40,0,0,86,90,0,32,79,71,45,83,0,29,0,0,68,81,57,86,68,71,0,0,64,26,73,0,49,0,0,73,43,75,69,82,52,73,60,80,0,14,40,0,0,0,29,56,73,0,66,78,0,0,80,1,63,0,88,27,0,0,0,83,25,79,0,0,50,62,0,0,81,57,85,0,61,81,0,0,66,86,79,0,85,91,49,0,0,70,67,91,0,72,0,0,0,59,0,0,0,57,60,0,79,0,90,0,79,90,0,64,0,60,0,0,0,77,26,0,0,0,100,0,0,71,0,55,91,0,100,69,74,65,67,0,0,54,0,46,0,0,0,87,0,46,0,0,0,78,71,0,0,89,83,0,63,35,81,79,46,70,87,54,0,0,69,89,0,58,85,0,0,0,74,82,0,0,0,75,0,48,58,0,98,0,0,0,36,0,48,100,0,0,0,0,0,0,0,0,0,82,0,0,0,48,87,87,0,0,0,85,0,0,48,88,0,0,79,0,59,0,85,0,74,26,65,61,0,36,0,0,67,0,0,83,73,73,43,0,90,44,92,0
2025-03-23,71,52,74,61,70,63,0,65,93,26,0,77,0,48,90,54,12,0,0,0,82,92,0,43,79,73,0,86,0,24,0,0,61,83,57,95,94,70,0,0,57,17,72,0,46,0,0,87,44,62,94,67,49,66,57,100,0,12,40,0,0,0,27,56,73,0,68,81,0,0,88,1,67,0,92,26,0,0,0,89,19,100,0,0,63,37,0,0,82,38,93,0,53,57,0,0,62,72,85,0,88,89,55,0,0,73,70,82,0,62,0,0,0,0,0,0,0,75,54,0,83,0,88,0,76,86,0,70,74,72,0,0,0,64,40,0,0,0,89,0,0,79,0,56,97,0,66,80,56,74,65,0,0,0,0,0,0,0,0,91,0,0,0,0,0,0,74,0,0,80,89,0,74,43,91,81,41,50,94,66,0,0,62,99,0,45,100,0,0,0,95,80,0,59,0,0,0,0,45,53,79,0,0,0,26,0,45,0,0,0,0,0,0,0,0,0,0,91,0,0,0,46,77,87,0,0,0,0,0,0,37,90,0,0,86,0,0,0,88,0,79,28,87,59,0,53,0,0,72,0,0,68,76,68,46,0,100,49,79,0
2025-03-24,55,41,74,76,52,48,0,59,74,23,0,59,0,83,83,65,9,53,0,0,82,89,50,54,70,48,70,75,65,16,53,0,86,65,77,92,81,44,0,54,46,20,62,51,24,0,0,67,40,95,90,91,83,66,40,55,0,12,34,0,0,0,34,53,69,0,44,65,0,51,84,1,45,0,53,23,0,0,0,82,22,87,49,0,42,84,0,0,67,38,57,0,86,84,0,0,75,61,49,21,81,76,85,0,0,61,52,90,0,61,0,0,0,86,0,0,41,52,75,0,57,64,61,0,90,64,0,51,55,59,0,0,0,33,75,0,72,0,75,0,58,56,55,47,76,0,60,44,48,74,49,48,0,41,0,55,0,0,0,68,0,49,0,0,0,47,69,0,0,58,69,0,82,57,65,92,50,48,81,0,0,0,57,68,0,73,64,55,0,0,82,74,0,59,0,100,0,60,37,0,43,0,0,0,87,0,73,82,0,0,0,0,0,0,0,0,0,63,42,0,0,42,50,62,0,0,0,0,0,0,53,71,0,0,70,0,65,89,71,0,47,16,76,58,0,80,0,0,51,0,0,65,94,66,39,0,68,44,66,0
2025-03-25,54,36,79,72,52,56,0,58,70,25,0,62,0,76,81,70,8,51,0,0,82,90,0,61,65,48,43,67,81,21,64,0,74,64,79,91,67,38,0,59,44,11,62,55,22,100,0,61,38,90,95,95,85,65,92,53,0,15,32,0,0,0,32,50,65,50,44,69,0,0,87,1,44,0,44,27,63,0,0,86,20,83,48,0,41,81,88,0,66,40,55,0,87,84,74,100,68,60,45,33,80,65,79,0,0,58,48,83,0,84,0,0,0,100,0,0,0,50,72,0,60,74,67,0,92,74,0,50,0,63,0,0,0,28,54,0,61,0,72,0,0,54,0,45,83,0,67,37,40,70,46,55,0,43,0,87,0,0,0,63,0,0,0,80,0,53,85,0,0,54,66,0,100,57,76,98,54,52,74,0,0,0,56,63,0,62,58,0,0,0,75,75,0,40,0,0,0,77,47,45,65,0,68,0,81,0,63,0,0,0,0,0,44,0,0,0,0,56,39,0,0,45,60,59,0,0,0,0,0,0,49,70,0,0,77,0,56,0,67,0,52,16,69,53,0,61,0,0,50,0,0,80,88,69,27,0,62,35,61,66
2025-03-26,55,38,76,65,53,56,0,62,70,23,0,66,0,62,75,89,9,60,0,63,82,89,0,68,67,49,41,65,56,20,0,0,80,64,80,91,64,39,0,78,45,18,59,63,24,0,0,62,35,92,85,93,81,63,86,61,0,14,32,0,0,0,27,49,73,0,49,68,0,0,84,1,44,100,45,22,55,0,0,78,19,85,0,0,41,83,0,0,65,57,57,0,85,84,65,0,84,64,47,16,76,62,73,58,0,55,54,88,0,72,0,0,0,72,0,0,0,36,75,0,57,0,69,0,96,71,0,51,73,60,0,0,0,33,79,0,50,0,73,0,0,55,0,45,78,0,48,47,66,73,51,59,0,0,0,75,0,0,0,63,0,32,0,58,0,49,84,69,0,51,64,0,84,59,76,96,88,50,70,49,0,0,54,64,0,100,64,55,0,0,72,82,0,0,0,0,100,57,44,45,45,0,64,0,71,0,60,0,0,0,0,0,0,0,0,67,0,53,0,0,0,49,61,64,0,0,0,66,0,0,57,67,0,0,77,0,80,0,63,0,49,18,52,53,0,79,0,0,48,0,0,68,94,76,33,0,70,38,53,0
2025-03-27,56,43,77,63,51,51,0,64,75,22,0,64,0,88,72,92,10,45,0,96,89,83,0,57,66,53,0,62,0,20,0,0,80,59,77,88,97,46,0,47,58,17,59,0,27,0,0,61,36,89,76,91,87,69,50,53,0,13,30,0,0,0,28,48,62,69,52,71,0,57,83,1,44,0,45,25,51,0,0,86,20,80,0,0,41,91,0,0,61,92,58,0,89,87,0,0,80,67,52,21,78,61,66,0,0,60,57,87,0,48,0,0,0,64,0,0,0,72,75,0,59,0,81,0,96,73,0,54,82,61,0,0,0,34,63,0,47,0,74,0,0,56,0,42,75,0,59,60,63,85,47,43,0,0,0,80,0,0,0,64,0,32,0,40,0,57,83,0,0,55,62,0,74,60,67,90,75,36,73,47,0,0,50,62,0,62,62,63,0,0,72,80,0,69,0,0,0,74,46,99,46,0,0,0,81,0,71,0,0,0,0,0,0,0,0,0,0,55,0,0,0,47,56,67,0,0,0,0,0,0,53,67,0,0,83,0,0,0,66,0,49,17,67,51,0,66,0,0,47,0,0,74,78,69,25,0,66,41,61,0
2025-03-28,59,52,73,70,56,57,0,64,69,20,0,70,0,60,72,71,11,49,0,0,85,86,0,0,68,60,52,66,0,25,0,0,70,63,79,89,86,58,0,43,64,21,64,0,35,0,0,64,38,84,76,91,70,75,54,60,0,11,31,100,97,0,27,42,95,0,53,67,0,0,77,1,49,0,46,23,40,0,0,80,18,84,48,0,43,71,80,0,60,0,65,0,75,100,84,0,60,72,63,23,80,64,82,47,0,52,55,93,0,57,0,0,0,47,0,0,0,82,71,0,64,69,77,0,87,79,0,54,0,60,0,0,0,46,56,0,80,0,74,0,0,65,66,43,73,0,58,51,34,67,56,40,0,0,0,46,0,0,0,66,0,0,0,53,0,62,70,0,0,58,63,0,75,58,75,89,100,51,79,0,0,100,52,70,0,53,65,0,0,0,69,67,0,70,0,0,0,71,41,0,40,0,0,0,59,0,72,0,0,0,0,0,0,0,0,0,0,56,0,0,0,52,65,74,0,0,0,0,0,0,59,68,0,0,92,0,71,0,73,0,56,19,55,50,0,63,0,0,49,0,0,80,80,70,32,0,73,42,58,0
2025-03-29,72,58,69,66,72,63,0,70,87,19,0,98,0,64,74,64,12,33,0,0,92,92,60,0,79,75,52,75,0,23,87,0,57,72,56,83,64,67,0,0,58,37,73,82,53,0,0,75,49,72,71,85,48,79,57,82,0,14,39,0,0,0,27,50,79,0,70,78,0,0,85,1,62,0,61,26,0,0,0,86,22,85,0,0,51,39,0,0,78,0,85,0,52,90,85,0,90,89,83,0,81,82,64,0,0,71,72,87,0,59,0,0,0,0,37,0,0,86,80,0,81,0,91,0,77,93,0,68,0,77,0,0,0,66,41,0,0,0,88,0,0,70,0,51,78,0,53,59,57,50,62,0,0,0,0,40,0,0,0,86,0,34,0,0,0,0,65,0,0,78,84,0,65,63,91,84,69,54,85,72,0,0,73,84,0,41,84,0,0,0,85,80,0,0,0,80,0,56,42,0,96,0,0,0,38,0,55,0,0,0,0,0,0,0,0,0,0,78,0,0,0,47,90,84,0,0,0,0,0,0,43,88,0,0,91,0,82,0,90,0,84,23,58,65,0,43,0,0,73,0,0,81,65,74,41,0,86,43,93,0
2025-03-30,70,55,72,56,72,66,0,66,88,17,0,75,0,44,85,44,12,30,0,0,89,93,0,42,80,75,37,81,0,21,0,0,56,78,60,100,91,68,0,0,51,29,73,0,46,0,0,87,45,65,97,64,39,69,63,75,0,12,39,0,0,0,28,61,67,0,69,78,0,0,95,1,65,0,60,22,0,0,0,85,23,86,0,0,54,49,0,0,84,40,89,0,70,72,0,0,83,67,78,0,91,87,61,0,0,66,84,84,0,45,0,0,0,72,0,0,73,79,60,0,83,0,81,0,87,89,0,76,0,78,0,0,0,63,35,0,0,0,89,0,0,69,0,48,80,0,39,85,58,59,56,0,0,0,0,45,0,0,0,91,0,0,0,0,0,50,71,0,0,77,86,0,55,50,90,81,47,49,96,0,0,0,62,89,0,48,86,0,0,0,90,82,0,61,0,0,0,68,42,58,34,0,0,0,36,0,76,0,0,0,0,100,0,0,0,0,0,78,0,0,0,44,82,87,0,0,0,0,0,0,39,88,0,0,89,0,81,0,91,0,89,26,53,65,0,52,0,0,71,0,0,70,85,73,38,0,95,56,70,0
2025-03-31,59,44,71,68,54,47,0,57,72,15,0,60,0,65,79,77,10,69,0,0,86,88,0,49,72,50,39,68,81,18,67,0,80,63,74,91,76,42,0,46,45,14,60,59,25,0,0,73,38,98,84,83,75,68,39,53,76,12,32,0,0,0,37,54,72,0,43,66,0,81,91,2,45,0,42,24,41,0,0,84,33,87,52,0,41,86,0,0,67,41,57,0,76,85,0,0,98,65,47,65,86,73,84,0,0,55,67,90,0,54,0,0,0,60,0,0,0,59,78,0,66,65,58,0,91,71,0,54,81,60,0,0,0,33,86,0,60,0,74,0,0,51,90,42,69,0,52,53,77,57,44,0,0,0,0,72,0,0,0,66,0,34,0,0,0,55,78,0,0,57,68,0,86,77,62,89,59,43,72,0,0,0,55,60,0,64,59,0,0,0,70,77,0,65,0,0,0,36,43,43,41,0,0,0,67,0,47,0,0,0,0,0,0,0,0,0,0,68,0,0,0,42,54,60,0,0,0,60,0,0,43,63,0,0,77,0,0,0,77,0,54,16,66,62,0,73,0,0,50,0,0,71,100,78,30,0,66,37,59,0
2025-04-01,56,66,76,75,53,48,0,59,69,20,0,60,0,60,75,84,11,48,0,0,79,85,0,81,67,47,40,60,0,18,0,0,69,58,91,97,80,35,0,68,49,18,59,48,22,0,0,66,37,93,84,82,88,62,38,53,0,16,36,0,0,0,36,52,76,0,44,65,0,0,81,1,44,0,39,37,38,0,0,79,22,93,44,0,45,97,0,0,62,49,55,0,90,94,80,0,73,60,44,77,82,70,66,43,0,52,56,93,0,66,0,0,0,42,0,0,0,0,84,0,62,62,63,0,86,68,0,50,0,60,0,0,0,32,66,0,66,0,70,0,72,52,0,38,74,0,45,61,35,71,45,56,0,47,0,82,0,0,0,63,0,33,0,0,0,76,82,0,0,54,63,0,92,33,69,86,63,74,67,0,0,0,59,64,0,60,55,0,0,0,68,74,0,0,0,0,0,50,43,0,45,0,0,0,77,60,71,0,0,0,0,0,0,0,0,50,0,57,45,0,0,41,50,66,0,0,0,87,0,61,46,68,0,0,100,0,81,0,58,0,46,19,72,56,0,53,0,0,46,0,0,67,99,77,41,0,68,36,56,0
2025-04-02,64,73,72,67,51,47,0,63,69,31,0,56,0,70,77,85,10,28,0,0,80,83,0,64,66,48,48,58,51,18,0,0,77,59,85,86,100,37,0,38,45,14,65,0,22,0,0,64,36,90,79,83,79,69,38,47,0,13,34,0,0,0,31,43,83,0,48,58,0,44,84,1,43,0,38,26,39,0,0,84,37,73,0,0,34,75,0,0,61,53,54,0,75,77,0,0,78,58,43,58,77,69,75,100,0,47,46,89,0,65,0,0,65,71,0,0,0,41,88,0,60,56,61,0,85,67,0,49,52,55,0,71,0,30,60,0,0,0,66,0,0,52,62,44,73,0,34,44,29,68,43,75,0,40,0,76,0,0,0,57,0,0,0,0,0,49,70,61,0,54,63,0,82,54,67,84,81,53,69,41,0,0,58,58,0,42,53,0,0,0,61,63,0,0,0,0,0,46,42,0,50,0,0,0,75,0,54,0,0,0,0,0,0,0,0,0,0,53,0,0,0,45,49,64,0,0,0,0,0,0,35,71,0,0,82,0,0,0,57,0,49,17,59,56,0,56,0,0,46,0,0,65,77,68,35,0,65,34,65,0
2025-04-03,60,81,73,93,52,50,0,64,75,27,66,62,100,71,78,100,12,45,0,0,88,88,0,98,62,50,60,62,57,22,100,0,78,58,81,95,73,40,58,62,48,12,62,0,24,0,0,66,36,88,82,78,84,70,39,50,0,16,35,0,0,0,33,41,74,0,47,64,0,72,86,2,48,0,41,24,100,0,0,89,20,81,0,0,36,88,78,0,61,42,60,0,73,85,0,0,74,60,46,48,85,72,100,0,0,53,49,87,0,69,0,0,69,98,0,0,40,49,71,0,63,0,83,0,80,74,0,49,0,53,0,73,87,33,71,0,85,0,69,0,0,55,85,45,70,0,38,46,46,50,51,38,0,42,0,68,0,0,0,62,0,58,0,40,0,56,93,0,0,55,67,0,80,69,77,85,65,63,75,0,0,0,54,71,0,61,56,0,0,0,70,72,0,74,0,0,0,68,48,46,43,0,0,0,86,0,44,0,0,0,0,0,0,0,0,59,0,49,0,0,0,47,57,69,98,0,0,0,0,0,47,71,0,0,74,0,78,76,54,0,49,24,60,55,0,56,0,0,43,0,0,77,81,80,36,0,66,33,58,0
2025-04-04,61,85,69,95,57,51,0,67,78,13,0,66,0,62,69,93,10,39,0,63,83,85,58,30,65,54,32,64,68,23,0,0,88,60,79,88,81,46,79,49,47,15,66,0,35,0,0,66,36,86,73,90,69,66,41,56,0,16,32,0,92,0,32,38,72,0,48,67,0,68,81,1,49,0,42,26,0,0,0,75,14,77,39,0,37,77,0,0,61,65,68,0,75,92,70,0,79,71,49,45,77,70,86,0,0,52,49,88,0,65,0,0,0,64,0,0,0,64,71,0,67,62,72,0,90,74,0,53,0,54,0,0,0,41,52,0,51,0,74,0,62,58,0,44,63,0,0,62,46,60,52,64,0,0,0,49,0,0,0,68,0,60,0,0,0,79,75,0,0,54,63,0,69,50,69,84,55,47,74,43,0,0,56,76,0,72,63,0,0,0,62,71,0,51,0,0,0,51,48,66,37,0,0,0,76,0,38,0,0,91,0,0,0,0,0,0,0,52,0,0,0,44,55,72,0,0,0,74,0,0,49,66,0,0,71,0,0,0,62,0,51,25,57,52,0,91,0,0,45,0,0,75,82,84,39,0,67,37,61,0
2025-04-05,79,100,69,58,75,59,0,74,92,19,0,85,0,68,70,63,18,34,0,0,89,92,0,52,82,69,81,76,74,24,0,0,43,80,54,86,83,68,0,0,57,29,79,0,54,0,0,83,45,80,80,65,38,73,57,79,0,15,40,0,0,0,36,49,60,0,72,79,75,0,84,1,70,0,75,28,0,0,0,80,13,84,0,0,49,58,0,0,76,0,96,0,78,98,0,0,63,76,73,0,83,92,67,0,0,71,63,93,0,65,0,0,0,67,0,0,0,64,68,0,80,0,90,0,70,86,0,68,97,66,0,0,0,65,48,0,0,0,85,0,0,66,0,44,86,0,76,75,70,55,62,54,0,0,0,46,0,0,0,90,0,35,0,0,0,0,72,0,0,83,85,0,66,57,77,80,42,34,90,85,0,0,74,90,0,78,75,0,0,0,83,73,0,0,0,0,0,36,55,56,98,0,0,0,31,0,0,0,0,0,0,0,0,0,0,0,0,68,0,0,0,48,83,87,0,0,0,0,0,0,28,88,0,0,75,0,0,0,75,0,72,31,55,69,0,0,0,0,63,0,0,80,56,87,29,0,94,47,84,0
2025-04-06,73,92,73,56,73,62,0,66,88,26,0,75,0,60,86,47,13,0,0,73,85,96,0,62,76,67,51,74,0,29,0,0,62,85,57,87,48,67,0,0,63,27,75,0,47,0,0,86,45,64,86,58,47,66,56,78,0,16,43,0,0,0,36,50,71,0,69,82,0,0,89,2,76,0,78,26,0,0,0,78,12,97,0,0,49,41,0,0,78,39,97,0,73,72,0,0,67,67,76,22,80,89,63,0,0,68,67,79,0,51,0,0,0,41,0,0,46,0,55,0,90,0,74,0,86,80,0,73,0,67,0,0,0,59,54,0,0,0,75,0,0,74,0,49,81,0,46,51,63,50,59,51,0,0,0,44,0,0,0,90,0,37,0,0,0,54,68,0,0,69,87,0,54,47,91,84,73,61,96,94,0,0,66,92,0,48,81,0,0,0,76,78,0,60,0,0,0,65,51,0,29,0,0,0,24,0,65,0,0,93,0,0,0,0,0,0,0,69,0,0,0,45,79,88,0,0,0,0,0,0,44,92,0,0,75,0,79,0,90,0,89,34,64,64,0,61,0,0,66,0,0,68,81,79,55,0,94,49,72,0
2025-04-07,58,67,73,71,57,47,0,54,72,16,0,58,0,58,79,80,11,47,0,0,80,87,0,51,72,50,57,69,100,19,0,0,84,65,73,92,93,37,0,81,49,13,65,0,25,0,0,66,38,93,80,79,78,72,41,47,0,12,34,0,0,0,42,55,63,0,40,69,0,0,87,2,49,0,50,29,45,0,0,79,13,89,50,0,40,86,0,0,64,52,57,0,100,89,0,0,75,60,52,29,80,73,87,52,0,53,50,90,0,58,100,0,0,38,0,0,0,47,70,0,65,69,56,0,88,66,0,50,58,57,0,0,0,30,97,0,46,0,70,0,100,49,50,40,69,0,52,74,46,48,46,56,0,0,0,85,0,0,0,67,0,0,0,61,0,82,72,0,0,52,66,0,91,58,76,93,52,49,76,0,0,0,58,64,0,77,71,0,0,0,67,81,0,68,0,0,0,64,43,70,41,0,0,0,83,75,58,0,0,0,0,0,0,0,0,0,0,54,0,0,0,48,47,64,0,0,0,0,0,0,41,71,0,0,71,0,84,0,66,0,45,22,54,63,0,85,0,0,47,0,0,68,90,72,43,0,70,39,55,0
2025-04-08,55,59,74,68,61,48,0,58,69,26,0,61,0,100,79,82,10,39,0,0,82,87,0,59,64,49,47,63,63,19,0,0,84,61,78,96,100,33,0,62,55,13,61,64,23,0,0,61,37,90,81,92,93,62,39,47,0,12,33,0,0,0,44,68,74,0,39,66,0,48,86,2,47,0,43,25,0,0,0,84,21,85,40,0,34,76,0,0,62,62,53,0,94,82,100,0,84,60,78,27,77,69,76,49,0,51,55,88,0,60,0,0,0,53,0,0,0,36,76,0,59,62,63,0,66,72,0,51,78,56,0,0,0,29,62,0,68,0,69,0,52,53,0,39,72,0,58,48,42,70,43,0,0,0,0,75,0,0,0,60,0,36,0,39,0,45,89,0,0,52,65,0,83,71,75,90,47,72,75,46,0,0,55,62,0,56,56,65,0,0,65,85,0,0,0,0,0,75,57,0,44,0,86,0,78,0,47,98,0,0,0,0,0,0,0,0,0,52,46,0,0,43,48,64,0,0,0,77,0,0,45,89,0,0,68,0,0,0,59,0,41,18,75,56,0,71,0,0,45,0,0,79,91,81,31,0,68,33,59,0
2025-04-09,54,59,76,90,54,50,0,56,70,16,0,61,0,80,73,77,10,42,0,0,81,84,0,89,73,49,53,59,0,20,0,0,99,52,77,83,79,37,0,42,55,21,65,0,24,0,0,60,39,89,92,78,84,63,38,44,71,14,30,0,0,73,44,41,80,0,37,63,0,65,87,2,47,0,41,32,64,0,0,84,19,87,0,0,35,74,0,0,64,44,57,0,89,86,0,0,77,58,72,29,73,64,85,0,0,52,45,85,0,44,0,0,0,59,0,0,0,39,77,0,62,59,64,0,75,71,0,49,63,55,0,0,0,32,67,0,60,0,67,0,0,50,58,44,72,0,37,60,60,67,44,52,0,49,0,67,0,0,0,60,0,36,0,0,0,50,85,0,0,52,63,0,87,45,67,88,40,44,74,46,0,0,59,62,0,69,60,0,0,0,69,79,0,0,0,0,0,77,58,0,45,0,0,0,57,0,55,85,0,0,0,0,100,0,0,0,0,51,0,0,0,42,50,64,0,0,0,67,0,0,56,77,100,0,66,0,71,0,58,0,44,17,53,59,0,63,0,0,46,0,0,79,88,85,43,0,68,33,58,0
2025-04-10,58,55,71,81,53,51,0,62,69,34,0,62,0,72,73,72,13,31,0,0,79,91,0,37,66,50,35,63,0,22,65,0,79,60,75,89,74,36,0,46,55,21,63,83,26,0,0,65,40,86,92,91,79,67,39,48,0,16,32,0,94,0,43,37,75,0,42,65,0,45,84,2,51,0,43,33,0,100,84,84,17,84,0,0,35,75,0,0,61,58,61,0,84,83,0,0,70,60,65,31,79,62,87,52,0,49,54,88,0,59,0,0,0,53,0,0,0,60,73,0,65,0,91,0,75,74,0,51,95,57,0,0,0,34,60,0,0,0,67,0,0,56,79,49,71,0,58,54,39,70,47,93,0,80,0,63,0,0,0,65,0,0,0,0,0,77,78,0,0,52,64,0,77,63,77,83,54,0,77,42,0,0,50,73,0,57,60,0,0,0,66,88,100,88,0,55,0,63,54,0,42,0,0,0,64,0,57,0,100,0,0,0,0,0,0,58,0,54,0,0,0,53,58,70,0,0,0,82,0,0,41,73,0,0,73,0,0,0,63,0,41,16,45,54,0,83,0,0,46,0,0,77,85,70,39,0,63,35,57,0
2025-04-11,61,58,72,87,57,56,0,68,70,38,0,70,0,38,72,68,10,30,0,0,77,87,0,56,69,53,0,64,0,25,0,0,71,61,78,91,94,52,0,72,52,20,68,53,35,0,0,68,40,89,90,92,78,69,42,56,75,20,37,0,0,0,46,38,90,0,51,67,0,52,85,2,54,0,62,32,0,0,0,80,23,90,0,0,40,76,0,0,65,38,70,0,76,87,0,0,61,73,73,0,77,67,76,0,0,53,61,91,0,65,0,0,0,52,0,0,0,42,75,0,66,0,72,0,88,80,0,55,58,60,0,0,0,44,83,0,52,0,74,0,57,65,0,47,66,0,46,55,42,100,49,52,0,0,0,88,0,0,0,71,0,31,0,0,0,71,77,63,0,60,68,0,66,77,79,81,57,60,75,45,0,0,62,76,0,54,62,0,0,0,78,77,0,52,0,0,0,73,48,45,39,0,0,0,61,0,97,85,0,0,0,0,0,0,0,0,0,55,0,0,0,49,60,78,73,0,0,67,0,0,50,75,0,0,73,0,97,0,66,0,55,18,55,62,0,62,0,0,50,0,0,97,69,78,44,100,67,37,57,64
2025-04-12,78,67,72,72,75,63,0,69,88,20,0,90,0,51,73,48,17,0,0,0,87,95,0,0,81,73,60,72,76,29,0,0,62,73,54,92,73,66,0,0,63,27,78,0,53,0,0,80,51,74,92,80,52,73,56,72,0,14,41,0,0,0,53,46,83,0,65,74,0,0,80,2,75,0,100,33,0,0,0,70,22,80,0,0,46,54,0,0,77,0,87,0,80,93,0,0,78,83,89,0,80,89,51,0,0,65,70,89,0,57,0,0,0,46,0,0,0,94,65,0,83,0,95,0,81,91,0,70,75,69,0,0,0,69,50,0,0,0,85,0,60,82,0,52,85,0,52,56,55,65,66,57,0,0,0,0,0,0,0,89,0,0,0,0,0,46,69,0,0,73,84,0,54,52,83,87,81,54,90,55,0,0,69,90,0,49,78,0,0,0,93,78,0,0,0,0,0,48,44,61,100,0,0,0,38,0,85,0,0,0,0,0,0,0,0,0,0,81,0,0,0,51,84,90,0,0,0,0,0,0,39,81,0,0,76,0,69,0,80,0,81,23,59,65,0,29,0,0,67,0,0,90,58,75,55,0,90,36,82,0
2025-04-13,74,65,68,57,77,60,0,67,88,21,0,77,0,76,79,50,12,37,0,0,73,91,0,48,75,77,42,73,0,25,0,0,55,79,61,92,77,60,0,0,61,28,71,0,43,0,0,83,50,63,83,61,47,61,53,70,0,14,35,0,0,0,58,53,56,0,67,71,0,0,86,2,74,0,84,28,0,0,0,73,16,83,0,0,46,47,0,0,77,0,77,0,71,65,0,0,76,65,86,0,78,78,54,0,0,63,70,73,0,53,0,0,0,0,0,0,0,0,54,0,81,0,81,0,71,86,0,78,0,72,0,0,0,62,63,0,0,0,81,0,0,82,0,51,73,0,63,48,45,55,69,0,0,54,0,41,0,0,0,87,0,0,0,0,0,0,59,0,0,70,81,0,61,56,83,76,46,0,86,65,0,0,62,84,0,49,78,0,0,0,98,81,0,0,0,0,0,44,43,63,30,0,0,0,31,0,70,0,0,0,0,0,0,0,0,0,0,68,0,0,0,44,78,91,0,0,0,0,0,0,33,84,0,0,78,0,65,0,83,0,91,25,92,60,0,44,0,0,71,0,0,66,71,75,60,0,89,39,70,0
2025-04-14,63,43,75,82,58,51,0,59,73,24,0,64,0,52,76,78,9,27,0,0,77,89,0,68,69,51,57,64,69,18,0,0,71,60,69,89,83,34,0,76,42,16,61,0,24,0,0,65,45,97,78,81,73,67,40,48,0,15,33,0,0,0,84,42,69,0,42,66,0,0,86,2,54,0,47,33,0,0,0,94,16,90,0,0,37,80,0,0,69,63,56,0,76,87,0,0,78,59,61,26,81,66,83,0,0,52,55,85,0,58,0,0,78,44,0,0,0,51,76,0,62,0,66,0,75,74,0,63,0,62,0,0,0,33,78,0,61,0,74,0,0,59,52,43,68,0,71,45,43,67,45,56,0,49,0,48,0,0,0,68,0,59,0,46,0,59,80,0,0,53,68,0,78,100,69,85,60,46,77,0,0,0,55,66,0,42,56,0,0,0,69,81,0,43,0,0,0,51,43,0,39,0,0,0,54,57,45,0,0,0,0,0,0,0,0,0,0,61,0,0,0,43,53,63,76,0,0,0,0,0,45,63,0,0,75,0,0,0,60,0,45,18,100,57,0,90,0,0,59,0,0,66,91,92,49,0,72,39,57,0
2025-04-15,62,42,75,80,57,57,0,63,70,18,0,64,0,96,81,66,10,37,0,0,88,89,0,72,70,51,49,59,0,20,83,0,82,63,73,90,89,37,0,65,46,18,61,0,25,0,0,64,42,96,79,79,93,65,37,53,0,18,31,0,100,0,100,44,81,0,37,62,0,50,92,2,55,0,45,32,37,0,0,83,15,79,47,0,37,92,0,0,66,55,58,0,86,88,0,0,86,56,61,30,81,69,69,0,99,52,50,93,0,56,0,0,0,57,0,0,0,33,80,0,64,0,67,0,85,70,0,56,82,64,0,0,0,33,67,0,84,0,72,0,60,67,60,44,74,0,0,49,47,55,51,52,0,51,0,57,0,0,0,67,0,37,0,42,0,78,72,0,0,55,68,0,93,68,91,86,59,54,72,0,0,0,53,63,0,60,60,0,0,0,67,77,0,54,0,0,0,66,44,0,44,0,76,0,82,0,66,0,0,0,0,0,0,0,0,0,0,51,0,0,0,100,57,60,0,0,0,0,0,0,43,68,0,0,73,0,67,0,77,0,44,26,67,53,0,71,0,0,52,0,0,78,82,83,35,0,71,36,51,0
2025-04-16,63,44,78,72,57,53,0,66,74,19,0,61,0,73,78,84,9,53,0,0,86,89,59,57,67,53,36,57,64,21,0,0,65,59,73,86,87,36,0,48,46,14,61,0,26,0,0,64,44,93,95,78,86,65,45,54,85,15,31,0,0,0,45,45,83,54,42,66,0,90,87,2,57,77,47,28,37,0,0,85,17,80,0,0,38,100,81,0,70,41,55,0,96,79,0,0,85,56,61,33,81,67,72,60,0,52,50,91,0,64,0,0,0,52,0,0,46,43,80,0,63,67,67,0,91,77,0,56,0,66,0,0,0,35,58,0,68,0,75,0,0,71,72,43,76,0,76,33,53,82,44,46,0,0,0,69,0,0,0,67,0,61,0,0,0,37,82,61,0,53,61,0,84,79,85,90,56,45,71,0,0,0,48,65,0,51,60,0,0,0,73,76,0,90,0,0,0,51,45,46,43,0,0,0,69,0,79,0,0,0,0,0,0,0,0,0,0,50,0,0,0,61,53,71,0,0,0,0,0,0,36,76,0,0,78,0,83,0,72,0,45,18,79,55,0,75,0,0,51,0,0,79,77,68,55,0,64,32,59,0
2025-04-17,64,47,75,81,60,56,0,57,70,25,0,63,0,59,73,60,12,32,0,0,77,88,67,37,64,54,39,60,62,23,75,0,68,57,70,88,97,40,0,37,44,17,62,51,29,0,0,64,41,88,91,90,92,61,44,55,0,15,36,0,0,0,13,39,77,0,45,61,0,46,85,2,60,0,52,31,0,0,0,82,21,82,0,0,37,76,0,0,66,53,63,0,77,89,0,0,86,68,62,30,81,62,75,56,0,51,53,85,0,74,0,0,0,69,0,0,0,54,78,0,64,73,90,0,69,79,0,54,89,62,0,0,0,39,51,0,0,0,72,0,0,69,70,45,72,0,50,63,57,71,49,44,0,42,0,68,0,0,0,65,0,52,100,0,0,78,82,63,0,53,63,0,71,77,87,86,78,49,77,0,0,0,43,68,0,43,59,0,0,0,86,78,0,85,0,63,0,49,45,0,35,0,0,0,69,0,54,0,0,0,0,0,0,0,0,0,0,53,0,0,0,55,60,73,0,0,0,0,0,0,45,69,0,0,73,0,72,0,86,0,51,19,67,47,0,37,0,0,51,0,0,84,73,68,48,0,66,35,59,0
2025-04-18,69,47,71,71,74,81,0,64,74,19,0,73,0,66,69,56,14,31,0,0,82,85,0,42,71,68,0,65,0,26,0,0,91,60,59,89,87,57,0,0,43,19,66,0,36,0,0,72,45,92,85,88,96,67,47,64,0,15,37,0,0,0,10,36,94,100,51,66,0,0,77,2,75,0,51,34,0,0,0,90,16,88,0,0,45,71,0,0,78,0,81,0,64,92,0,0,85,82,74,0,79,65,70,0,0,56,62,92,0,96,0,0,0,49,0,0,0,80,73,0,70,91,80,0,71,84,0,68,0,65,0,0,0,52,46,0,0,0,79,0,0,82,0,47,75,100,53,0,54,90,60,0,0,43,0,0,0,0,0,76,0,33,0,0,0,0,69,0,0,67,65,0,68,54,97,87,0,38,77,62,0,0,58,80,0,80,77,0,0,0,78,86,0,50,0,0,0,50,48,0,34,0,0,0,59,0,63,0,0,0,0,0,0,0,0,0,0,53,0,0,0,57,78,80,0,0,0,0,0,0,45,74,0,0,74,0,0,0,78,0,55,23,74,50,0,47,0,0,62,0,0,87,63,82,49,0,72,30,60,0
2025-04-19,75,50,66,61,83,73,0,64,82,15,0,90,0,53,67,53,15,0,0,0,82,88,0,0,77,82,0,77,0,31,0,0,52,80,53,79,54,68,0,0,48,26,70,0,45,0,0,84,51,77,79,77,74,70,60,74,0,16,40,0,0,0,7,44,55,0,65,65,0,0,77,2,89,0,63,27,0,0,0,74,0,70,0,0,49,55,0,0,79,0,86,0,66,81,86,0,74,78,90,0,74,87,52,0,0,62,64,87,0,68,0,0,0,0,0,0,0,91,65,0,81,73,91,0,69,100,0,82,0,73,0,0,0,65,42,0,0,0,88,0,0,78,0,49,77,0,0,54,78,48,66,0,0,80,0,55,0,0,0,92,0,0,0,0,0,0,73,0,0,79,74,0,56,66,100,81,64,48,91,61,0,0,60,92,0,36,91,0,0,0,80,84,0,0,0,0,0,57,42,0,86,100,0,0,28,0,0,0,0,0,0,0,0,0,0,0,0,72,0,0,0,44,100,90,0,0,0,0,0,0,47,86,0,0,76,0,0,0,89,0,73,25,53,60,0,47,0,0,73,0,0,80,60,85,73,0,89,46,93,0
2025-04-20,96,62,68,39,83,100,0,61,79,19,0,93,0,42,78,43,65,0,0,0,72,87,0,40,79,86,66,80,0,32,0,0,54,73,48,83,65,80,0,0,52,100,63,0,58,0,0,81,50,68,73,52,36,58,63,71,0,13,66,0,0,0,5,50,63,0,100,63,85,0,79,2,100,0,86,24,0,0,0,64,0,86,0,0,48,43,0,0,86,0,83,0,71,62,0,0,79,34,89,0,74,73,65,0,0,67,66,79,0,60,0,0,0,42,0,0,0,68,52,0,77,0,70,0,65,87,0,79,0,75,0,0,0,69,31,0,0,0,88,0,0,100,0,51,66,0,0,40,66,84,60,0,0,0,0,0,0,0,0,76,0,0,0,0,0,0,70,0,0,79,72,0,53,36,77,89,47,0,86,89,0,0,55,67,0,43,77,0,0,0,82,91,0,0,0,95,0,43,38,0,29,0,0,0,32,0,66,0,0,0,0,0,0,0,0,0,0,61,0,0,0,48,75,97,0,0,0,0,0,0,36,72,0,0,79,0,89,0,72,0,100,29,61,59,0,37,0,0,68,0,0,53,69,68,44,0,80,46,72,0
2025-04-21,62,42,76,72,62,52,0,53,66,23,0,64,0,86,81,78,14,32,0,0,79,87,0,45,68,60,49,68,0,20,0,0,66,66,66,100,68,43,0,71,47,19,60,89,24,0,0,66,47,95,84,89,73,65,41,51,67,11,34,0,0,0,10,47,84,0,47,58,0,0,86,3,49,0,52,21,0,0,0,81,12,86,43,0,40,80,0,0,67,41,59,0,71,91,0,0,80,71,59,31,81,73,79,0,0,55,55,91,0,79,0,0,0,45,0,0,39,60,79,0,62,73,67,0,85,77,0,63,78,60,0,66,0,36,95,0,53,0,79,0,0,66,69,45,73,0,44,85,62,65,45,53,0,0,0,94,0,0,0,62,0,37,0,0,0,83,71,58,0,57,67,0,77,62,69,100,59,47,75,0,0,0,61,63,0,49,57,0,0,0,80,82,0,62,0,0,0,60,46,42,46,0,0,0,62,0,47,0,0,83,0,0,68,0,0,51,0,56,0,0,0,47,50,76,71,0,0,0,0,64,48,64,0,0,77,0,53,89,73,0,45,15,62,60,0,60,0,0,61,0,0,76,91,98,46,0,70,45,58,0
2025-04-22,59,35,79,73,59,50,0,53,69,19,0,61,85,82,81,73,10,48,0,0,88,81,0,56,71,52,47,64,53,20,0,100,77,57,75,82,90,36,0,64,54,13,60,0,21,0,0,64,45,92,87,98,72,69,39,50,0,15,33,0,88,0,9,38,75,0,37,63,0,70,90,3,43,0,40,23,33,0,0,99,19,89,0,0,38,86,0,0,76,43,64,0,92,98,0,0,74,62,55,20,82,71,87,0,0,57,48,92,0,77,0,0,0,0,0,0,39,39,75,0,62,0,64,0,89,77,0,58,91,64,0,0,0,31,88,0,96,0,73,0,0,57,79,44,78,0,51,49,41,64,43,68,0,0,0,68,0,0,0,68,0,42,0,0,0,68,76,0,0,54,64,0,90,48,67,87,67,40,73,0,0,0,58,62,0,63,56,56,0,0,83,85,0,75,0,0,0,60,46,0,58,0,63,0,82,0,67,0,0,100,0,0,0,0,0,93,0,52,70,0,0,53,57,61,0,0,0,0,0,0,35,72,0,0,74,0,85,0,57,0,48,17,65,58,0,66,0,0,60,0,0,70,89,92,56,0,68,44,63,0
2025-04-23,64,41,75,89,58,52,0,57,74,30,0,61,0,83,80,71,8,52,0,59,83,83,0,92,68,52,54,59,53,21,73,0,71,57,77,89,83,38,0,46,45,16,62,100,21,0,0,65,46,88,82,84,77,63,38,48,0,12,28,0,81,0,9,43,71,53,42,65,0,61,85,4,43,0,43,21,51,0,0,79,17,91,0,0,48,81,73,0,68,43,57,0,93,86,0,0,66,60,50,22,87,67,87,0,0,58,51,89,0,62,0,0,0,40,0,0,41,36,81,0,59,62,64,0,73,75,0,60,83,61,0,100,0,31,58,0,0,0,73,0,0,59,55,44,76,0,48,56,49,67,42,71,0,45,0,51,0,0,0,62,0,100,0,43,0,37,86,0,0,50,64,0,82,50,67,97,47,39,72,0,0,0,59,57,0,65,58,0,0,92,81,83,0,71,0,0,0,70,46,0,69,0,0,0,65,0,44,96,0,0,0,0,0,0,0,0,56,42,0,0,0,49,49,66,0,0,0,0,0,0,40,66,0,0,72,0,64,0,59,0,44,19,41,61,0,65,0,0,61,0,80,71,83,71,40,0,71,39,57,0
2025-04-24,60,44,81,69,59,51,0,58,66,24,0,65,0,74,76,82,12,44,0,69,77,85,0,38,64,53,40,66,0,23,0,0,81,51,70,91,65,41,0,63,53,16,94,97,24,0,0,61,45,88,77,85,84,64,42,50,79,18,29,0,0,0,9,45,89,0,44,58,0,60,84,5,43,0,40,23,0,0,0,76,16,83,0,0,40,76,0,0,64,56,63,0,92,88,0,0,62,66,53,16,86,68,74,0,0,55,44,85,0,64,0,0,0,65,0,0,0,42,69,0,65,69,87,0,66,79,0,60,0,63,0,0,0,31,81,0,65,0,71,0,67,62,73,43,66,0,45,42,83,61,47,64,0,49,0,56,0,0,0,66,0,61,0,37,0,0,91,71,0,52,66,0,79,57,67,93,64,45,71,0,0,0,76,69,0,64,59,0,0,0,76,76,0,84,0,69,0,100,44,0,44,0,0,0,69,0,59,0,0,0,0,0,0,100,0,0,0,52,0,0,0,56,57,74,0,0,0,0,0,0,36,71,0,0,73,0,71,69,73,0,46,19,44,52,0,93,0,0,60,0,0,90,77,90,53,0,70,32,63,57
2025-04-25,60,46,68,69,56,53,0,61,65,22,0,64,0,67,72,72,10,0,0,0,80,80,0,56,72,61,38,63,0,25,0,0,69,49,71,89,75,55,0,42,45,23,59,76,31,0,0,59,46,85,73,88,55,60,43,55,0,14,30,0,83,0,7,34,64,0,47,56,0,68,79,4,50,0,69,23,0,58,0,81,12,67,0,0,38,71,0,0,65,51,68,0,78,86,87,0,85,67,63,19,76,64,67,0,0,55,47,87,0,79,0,0,0,83,0,0,0,73,68,0,67,0,67,0,71,75,0,61,0,61,0,64,0,39,60,0,0,0,75,0,0,63,64,43,67,0,56,32,51,70,47,0,0,50,0,40,0,0,0,69,0,35,0,0,0,60,77,0,0,57,65,0,77,37,71,82,57,31,81,53,0,0,70,75,0,47,68,0,0,0,82,72,0,43,0,0,0,80,42,0,48,0,0,0,54,0,80,0,0,0,0,0,47,0,0,0,0,48,0,0,0,48,58,94,0,0,0,72,0,0,31,73,0,0,73,0,0,0,60,0,52,17,59,57,0,71,0,0,59,0,0,82,60,87,38,0,63,38,58,0
2025-04-26,73,49,69,56,73,61,0,63,76,17,0,88,0,44,67,46,18,0,0,0,73,87,0,56,78,76,36,68,0,37,0,0,67,80,53,89,65,71,0,0,51,24,66,0,48,0,0,70,52,70,75,75,41,66,60,69,0,13,35,0,0,0,6,42,71,0,63,69,0,0,81,9,60,0,86,23,0,0,0,83,0,83,0,0,43,51,0,0,74,51,93,0,58,83,0,0,52,80,76,0,79,84,65,0,0,88,60,85,0,68,0,0,0,40,0,0,0,57,59,0,88,0,84,0,71,92,0,73,0,69,0,0,0,62,20,0,0,0,81,0,0,68,0,47,76,0,52,32,79,55,74,66,0,52,0,0,0,0,0,83,0,0,0,0,0,57,62,0,0,74,70,0,55,51,76,77,49,72,81,64,0,0,92,84,0,63,76,0,0,0,100,66,0,0,0,0,0,0,41,75,85,0,0,0,40,0,55,0,0,0,0,0,0,0,0,0,0,73,0,0,0,41,78,94,79,0,0,0,0,0,27,81,0,0,78,0,0,0,75,0,75,24,64,65,0,53,0,0,74,0,0,80,60,67,57,0,80,42,86,0
2025-04-27,79,54,69,49,79,59,0,67,81,22,0,74,0,66,84,49,12,0,0,0,75,89,0,40,78,86,65,78,79,100,0,0,55,75,53,92,75,69,0,0,49,22,68,0,43,0,0,84,56,61,87,62,39,57,61,73,0,12,36,0,0,0,4,47,65,0,69,66,0,0,90,8,69,0,86,21,0,0,0,79,0,81,0,0,48,46,100,0,82,0,88,0,83,56,0,0,51,63,84,0,80,81,57,0,0,98,61,79,0,57,0,0,0,53,0,0,0,55,57,0,83,0,75,0,70,87,0,80,80,74,0,0,0,57,51,0,0,0,81,0,0,74,0,51,75,0,55,48,45,49,58,0,0,46,0,0,0,0,0,83,0,0,0,0,0,0,65,0,0,69,76,0,56,66,76,87,69,0,95,0,0,0,80,87,0,40,81,0,0,0,99,69,0,62,0,0,0,63,38,0,32,0,0,0,26,0,63,0,0,0,0,0,0,0,0,0,0,62,0,0,0,43,76,93,0,0,0,0,0,74,48,81,0,0,80,0,0,0,80,0,86,24,53,69,0,58,0,0,85,0,0,69,69,61,75,0,88,39,70,0
2025-04-28,65,42,78,74,63,48,0,54,73,19,0,62,89,93,82,80,10,37,0,57,80,87,0,58,76,58,37,66,98,53,0,0,80,61,77,92,85,44,0,41,45,14,63,0,24,0,0,67,51,100,86,87,71,67,39,49,65,14,32,0,0,0,9,45,100,0,42,60,0,51,99,9,44,0,53,19,44,0,0,87,15,92,48,0,35,87,0,0,69,100,63,0,80,86,66,0,86,60,48,24,90,75,93,60,0,82,48,87,0,56,0,0,0,82,0,0,0,56,77,0,67,0,64,0,89,76,0,60,0,65,0,58,0,32,80,0,75,0,73,100,71,56,61,46,68,0,32,39,48,65,46,72,0,0,0,64,0,0,0,68,0,39,0,100,0,100,82,0,0,55,64,0,88,73,66,97,63,36,79,56,0,0,75,56,0,61,58,88,0,0,75,96,0,81,0,56,0,65,42,54,42,66,0,0,79,0,41,0,0,0,0,0,0,0,0,0,0,52,0,0,0,40,45,72,0,0,0,0,0,54,34,73,0,0,79,0,67,0,71,0,44,16,45,67,0,72,0,0,67,0,0,66,88,76,47,0,66,35,62,0
2025-04-29,63,40,80,63,57,52,0,54,69,22,0,62,0,98,78,99,11,34,0,0,80,85,0,73,73,53,53,63,57,38,71,0,89,51,82,94,81,39,0,45,41,21,60,63,21,0,0,63,47,93,98,83,87,67,50,49,0,11,31,0,95,0,8,40,90,71,40,61,0,0,93,13,45,0,42,25,45,0,0,88,21,99,56,0,38,72,0,0,67,48,61,0,88,86,0,0,81,61,47,24,90,70,93,51,0,68,46,86,0,46,0,0,91,69,0,0,0,43,75,0,64,59,66,0,87,74,0,65,0,62,0,0,0,30,94,0,0,0,75,0,53,57,100,45,65,0,43,40,52,60,45,54,0,38,0,66,0,0,0,61,0,75,0,60,0,76,84,61,0,48,63,0,91,78,64,90,45,70,80,0,0,0,63,59,0,56,54,0,0,0,80,83,0,0,0,0,0,56,45,0,40,0,0,0,75,0,55,0,0,0,0,0,0,0,0,55,0,61,0,0,0,51,47,63,0,0,0,0,0,44,56,74,0,0,76,0,0,0,68,0,39,15,43,57,0,73,0,0,60,0,0,72,89,74,47,0,61,30,61,0
2025-04-30,61,41,76,69,55,52,0,58,66,19,0,62,0,71,79,85,8,100,0,64,80,79,0,62,67,52,26,65,66,27,0,0,72,60,88,95,63,38,0,59,44,16,57,0,22,0,0,63,47,100,78,85,80,64,43,49,0,12,30,0,0,0,8,44,67,55,46,60,0,54,89,12,42,0,45,20,52,0,0,83,15,87,62,0,36,74,0,0,66,37,59,0,75,84,0,0,77,61,51,18,91,66,84,49,0,59,45,88,0,45,0,0,0,57,38,0,0,62,77,0,65,75,64,0,92,74,0,63,69,61,0,60,0,28,74,0,67,0,72,0,0,55,0,45,66,0,51,64,36,56,42,100,0,60,0,81,0,0,0,65,0,49,0,0,0,47,92,57,0,55,60,0,78,62,60,85,77,48,77,42,0,0,57,64,0,76,65,0,0,0,75,100,0,47,0,0,0,73,45,0,38,0,0,0,82,0,58,0,0,0,0,0,0,0,0,0,0,54,0,0,0,48,55,68,0,0,0,63,0,0,22,73,0,0,78,0,65,0,56,0,43,16,50,57,0,100,0,0,57,0,0,78,87,89,44,0,60,29,51,0
2025-05-01,64,44,77,79,59,53,0,64,70,27,0,60,86,57,71,93,10,0,0,0,79,81,0,47,70,53,0,62,0,33,0,0,66,57,100,92,67,40,0,80,45,17,61,0,26,0,0,64,47,94,84,84,90,64,42,52,0,14,33,0,0,0,9,41,65,0,50,57,0,50,92,17,50,0,59,26,67,0,0,89,17,92,48,0,37,71,0,0,65,66,59,0,82,87,0,0,88,63,53,21,95,67,75,79,0,57,45,90,0,56,0,0,0,44,0,0,0,67,88,0,65,73,91,0,79,77,0,66,0,62,0,0,0,30,82,0,70,0,71,0,0,61,0,47,62,0,42,48,45,90,53,82,0,0,0,53,0,0,0,70,0,60,0,0,0,88,82,0,0,53,62,0,74,39,65,89,44,35,83,0,0,0,58,70,0,66,89,59,0,0,79,68,0,100,0,0,0,46,100,0,39,0,0,0,81,60,63,0,0,0,0,0,0,0,100,0,0,47,0,0,0,54,53,71,0,0,0,0,0,0,42,78,0,0,74,0,65,0,62,0,44,17,43,61,0,65,0,0,58,0,0,84,76,75,55,0,64,37,52,0
2025-05-02,66,43,77,84,62,56,0,67,68,22,0,67,0,73,71,79,13,56,0,60,76,84,0,51,69,59,44,65,54,30,54,0,71,60,93,90,62,54,0,48,53,25,64,0,34,0,0,63,49,93,79,81,65,67,47,57,0,14,31,0,0,0,6,42,74,0,51,60,0,62,89,33,52,65,61,36,93,0,0,89,10,76,0,0,38,66,0,0,61,43,65,0,84,86,0,0,72,68,71,31,96,67,66,0,0,54,43,94,0,53,0,0,0,36,0,0,0,51,83,0,68,67,78,0,69,76,0,64,0,63,0,0,100,37,66,0,64,0,71,0,0,65,0,54,66,0,50,79,59,87,49,59,0,0,0,75,0,0,0,74,0,49,0,0,0,53,78,0,0,56,61,0,71,71,67,82,51,61,81,0,0,0,63,72,0,56,72,0,0,0,79,77,0,72,0,0,0,74,85,49,33,0,0,0,67,0,74,0,0,0,0,0,0,0,0,85,0,56,0,0,0,47,61,74,0,0,0,0,0,0,43,78,0,0,75,0,69,0,60,0,53,18,66,61,0,74,0,0,59,0,0,83,73,83,51,70,62,31,56,0
2025-05-03,84,48,75,64,75,63,0,67,80,26,0,87,0,70,69,53,14,0,0,0,78,92,0,36,81,75,52,82,66,36,0,0,67,67,68,93,89,66,0,0,100,30,73,0,52,0,0,78,58,78,84,75,58,66,54,70,0,22,37,0,0,0,4,38,72,0,69,69,79,0,91,100,62,0,76,37,66,0,0,83,0,84,0,0,48,59,0,0,70,0,94,100,71,82,0,0,80,80,81,0,99,84,70,0,0,64,60,100,0,52,0,0,0,64,0,0,0,100,63,0,83,0,82,0,60,93,0,89,80,71,0,0,0,60,28,0,58,0,84,0,0,74,0,66,80,0,78,47,43,51,65,0,0,70,0,48,0,0,0,89,0,0,0,0,0,0,73,0,0,74,77,0,60,54,73,79,79,0,94,0,0,0,77,89,0,48,79,0,0,0,98,72,0,57,0,0,0,44,63,0,95,0,0,0,31,0,36,0,0,0,0,0,0,0,0,0,0,72,0,0,0,45,88,85,0,0,0,0,0,62,43,92,0,0,77,0,75,0,71,0,78,24,65,60,0,37,0,0,79,0,0,80,66,93,58,0,88,41,85,0
2025-05-04,79,50,80,81,80,64,0,70,86,21,0,74,0,92,83,59,12,40,0,0,77,97,0,0,89,73,43,79,0,35,0,0,63,82,72,97,63,66,0,0,59,32,73,0,45,0,0,91,61,74,98,65,44,64,55,73,0,100,37,0,0,100,4,56,68,0,72,68,0,0,100,26,69,0,80,34,42,71,0,84,0,84,0,0,53,39,0,0,85,0,97,0,76,67,0,0,83,63,84,0,100,95,80,0,0,70,66,90,0,100,0,0,0,52,0,0,0,58,61,0,100,0,79,0,66,96,0,91,0,78,0,0,0,58,43,0,0,0,86,0,62,75,0,74,74,0,49,44,43,76,67,67,0,0,0,47,0,0,0,87,0,0,0,0,0,0,70,0,0,80,100,0,62,54,79,91,76,52,100,0,0,0,74,91,0,48,84,0,0,0,95,93,0,52,0,0,0,37,65,64,38,0,0,0,33,0,55,0,0,0,0,0,0,0,0,63,0,62,0,0,0,50,78,100,0,0,100,0,0,0,49,100,0,0,82,0,0,0,82,0,87,26,67,71,0,53,0,0,84,0,0,69,70,100,83,0,91,100,87,0
2025-05-05,64,38,88,68,55,50,0,56,73,17,0,58,0,70,81,69,11,36,0,0,78,89,0,45,73,53,57,61,62,22,61,94,80,63,88,98,88,35,0,75,47,16,64,0,23,0,0,75,46,98,76,78,71,61,40,49,75,16,32,0,0,0,6,45,90,0,43,62,0,51,97,6,48,0,57,27,86,0,0,90,12,86,0,0,41,74,0,0,60,52,54,0,89,82,0,0,99,62,52,25,88,80,77,53,0,58,47,93,0,58,0,0,66,46,0,0,0,47,74,0,75,0,61,0,67,76,0,63,73,65,0,0,0,31,100,0,62,0,73,0,0,52,91,55,67,0,62,32,43,69,49,50,0,45,0,58,0,0,0,66,0,0,0,0,0,84,67,80,0,54,69,0,81,65,58,87,81,60,76,0,0,0,64,58,0,65,59,0,0,0,75,82,0,44,0,0,0,75,70,0,43,0,90,0,74,0,70,0,0,0,0,0,0,0,0,66,0,61,0,0,0,44,49,64,0,0,0,0,0,47,41,80,0,0,72,0,58,71,67,0,45,19,56,63,0,68,0,0,60,0,0,66,89,74,33,0,70,44,65,0
2025-05-06,62,36,78,69,55,56,0,60,67,21,0,60,0,88,81,77,9,37,98,0,81,85,0,73,72,55,0,60,0,23,0,0,77,62,87,88,84,34,0,83,46,15,60,0,22,65,0,64,47,92,73,79,89,64,39,48,0,16,33,0,0,0,6,41,86,0,46,59,0,55,95,3,48,95,53,31,0,0,0,81,19,79,44,0,39,93,0,0,60,54,59,0,86,78,0,0,88,55,49,29,81,68,77,56,0,55,43,92,0,79,0,0,93,62,0,0,45,56,78,0,71,100,57,0,93,67,0,58,77,66,0,0,0,29,75,0,55,0,71,0,59,52,76,48,67,0,52,34,58,53,42,39,0,40,0,97,0,0,0,65,0,28,0,55,0,85,85,0,0,50,63,0,86,66,54,82,67,42,71,0,0,0,55,59,0,79,59,0,0,0,80,78,0,46,0,55,0,66,81,0,40,0,0,0,66,0,61,0,0,0,0,0,0,0,0,0,50,38,0,0,0,46,50,60,0,0,0,0,100,0,100,83,0,0,76,0,82,100,64,0,42,19,60,61,0,56,0,0,57,0,0,72,75,80,46,0,70,35,60,0
2025-05-07,59,40,78,64,55,59,0,60,67,29,0,58,0,73,73,68,10,51,0,56,82,87,0,100,71,52,33,61,60,24,0,0,77,59,74,98,64,31,0,39,47,19,58,0,24,0,0,60,46,93,78,77,76,58,41,49,80,15,33,0,0,0,5,42,74,0,49,53,0,0,93,3,48,0,61,27,40,0,0,76,20,86,0,0,39,76,0,0,62,56,58,0,85,77,0,0,81,59,49,30,81,63,68,0,0,55,46,89,0,75,0,0,0,88,0,0,0,38,77,0,61,61,57,0,82,73,0,62,0,68,0,0,87,32,70,0,73,0,67,0,0,55,51,45,67,0,41,36,56,92,50,60,0,0,0,84,0,0,0,66,0,45,0,66,0,64,85,0,0,55,65,0,75,80,57,82,70,44,74,0,0,0,53,61,0,53,57,0,0,0,79,80,0,0,0,0,0,70,80,65,36,0,0,0,76,0,52,95,0,81,0,0,0,0,0,59,0,47,0,0,0,48,55,62,0,0,0,0,0,0,70,79,0,0,75,0,60,73,56,0,41,25,49,59,0,58,0,0,57,0,0,83,92,76,57,0,72,43,58,0
2025-05-08,61,38,100,70,59,57,0,61,71,18,0,66,0,53,72,70,10,33,0,0,85,84,0,78,74,55,46,62,0,26,55,0,80,60,77,91,79,37,0,67,49,19,60,51,29,0,0,61,49,87,66,84,79,62,42,54,0,13,32,0,0,0,6,39,81,0,46,60,0,100,88,4,52,0,66,41,88,0,0,82,14,87,0,0,41,72,0,0,65,56,64,0,80,75,0,0,82,65,53,37,80,65,74,0,0,54,57,87,0,42,0,0,0,78,0,0,0,90,74,0,66,0,82,0,73,78,87,63,0,70,0,59,0,37,68,100,73,0,70,0,0,59,0,51,65,0,60,60,100,52,58,54,0,48,0,85,0,0,0,68,0,33,0,0,0,58,82,0,0,58,66,0,74,60,60,84,66,43,74,0,0,0,59,63,0,29,57,0,0,0,67,72,0,66,0,0,0,65,72,100,39,0,71,0,72,0,72,0,0,0,0,0,0,0,0,0,0,52,0,0,0,54,53,62,0,0,0,0,0,68,49,82,0,0,73,0,0,0,73,0,41,22,57,70,0,62,0,0,60,0,0,89,78,59,64,0,76,42,62,0
2025-05-09,66,41,81,75,63,59,0,68,69,22,0,77,0,97,74,56,10,35,0,0,77,87,0,57,73,59,54,65,0,24,0,0,77,69,79,82,75,47,0,89,45,21,67,0,36,0,0,66,51,87,66,83,67,62,52,56,0,16,33,0,0,0,5,40,76,0,50,63,0,86,86,5,55,0,70,100,39,0,0,78,17,86,0,0,45,78,0,0,69,44,66,0,73,87,0,0,87,73,69,40,88,67,76,0,0,52,49,89,0,65,0,0,0,44,0,0,0,47,75,0,75,72,66,0,73,79,0,69,0,69,0,0,0,46,70,0,91,0,71,0,0,60,0,50,67,0,62,56,33,83,52,62,0,0,0,39,0,0,0,76,0,0,0,50,0,80,78,0,0,58,65,0,70,66,65,85,90,54,79,48,0,0,54,72,0,63,63,0,0,0,68,77,0,68,0,0,0,56,59,0,37,0,76,0,68,0,36,0,0,0,0,0,0,0,0,0,0,48,0,0,0,52,59,66,0,0,0,73,0,0,49,85,0,0,72,0,0,0,65,0,48,21,62,56,0,76,0,0,62,0,0,82,69,77,68,0,77,38,58,0
2025-05-10,82,49,77,58,79,65,0,87,84,26,0,87,0,55,69,46,15,34,0,99,81,90,0,0,87,81,62,71,0,35,0,0,66,75,57,89,83,61,0,0,52,26,73,0,68,65,0,77,70,77,82,74,41,66,59,73,0,14,38,0,0,0,4,47,90,0,73,67,0,0,82,5,68,0,94,76,52,0,0,81,15,80,0,0,56,58,0,0,73,0,80,0,65,83,0,0,73,87,86,0,90,83,68,0,0,61,61,89,0,76,0,0,0,56,0,0,0,58,67,0,96,0,86,0,55,97,100,96,0,82,0,0,0,79,35,0,0,0,80,0,0,71,0,57,76,0,43,46,56,89,68,74,0,0,0,0,0,0,0,100,0,0,0,0,0,53,64,0,0,89,77,0,60,59,66,83,53,58,95,64,0,0,66,85,0,26,90,0,0,0,93,75,0,0,0,0,0,58,50,66,81,0,0,0,48,0,83,0,0,0,0,0,0,0,0,0,0,62,0,0,0,49,89,87,0,0,0,0,0,0,43,97,0,0,86,0,67,0,71,0,79,26,51,68,0,0,0,0,90,0,0,89,60,79,76,0,94,49,88,0
2025-05-11,78,46,78,51,77,72,0,100,83,21,0,75,0,88,78,43,16,0,0,0,73,87,0,38,93,81,0,77,0,38,0,0,61,84,60,88,55,57,0,0,48,16,73,0,100,0,0,82,69,68,91,57,41,55,56,72,0,17,44,0,0,0,3,48,49,0,90,58,0,0,83,5,69,0,90,51,45,0,0,73,17,72,50,0,56,46,0,0,75,0,82,0,69,59,0,0,88,63,81,0,82,82,76,0,0,66,74,85,0,61,0,0,0,87,0,0,0,54,53,0,96,0,71,0,68,95,0,100,0,82,0,0,0,100,44,0,0,0,84,0,0,69,0,64,68,0,54,100,70,56,65,0,0,54,0,0,0,0,0,89,0,0,0,0,0,0,66,0,0,81,86,0,58,48,62,82,0,47,98,57,0,0,66,79,0,41,87,0,0,0,82,79,0,0,0,0,0,74,43,0,34,0,0,0,23,0,38,0,0,0,0,0,0,0,0,0,0,59,0,0,0,48,79,80,0,0,0,0,0,0,46,97,0,0,75,0,83,0,81,0,98,32,63,70,0,57,0,0,95,0,0,64,59,76,74,0,93,53,73,0
2025-05-12,65,34,86,68,61,52,0,62,70,21,0,57,0,71,88,71,10,40,0,0,85,89,100,79,86,56,71,74,63,25,0,0,85,60,84,98,59,38,0,75,48,14,61,0,29,0,0,71,63,99,73,88,72,64,43,49,0,14,38,0,0,0,5,50,90,0,47,59,0,76,89,2,53,0,54,41,58,0,0,80,12,97,39,0,42,92,0,0,66,0,55,0,85,84,0,0,83,66,52,33,87,78,96,0,0,58,56,94,0,76,0,0,0,77,0,0,38,67,82,0,64,92,64,0,68,78,0,74,68,74,0,0,0,36,66,0,68,0,81,0,0,52,54,54,69,0,45,30,56,71,46,41,0,100,0,36,0,0,0,63,0,0,0,94,0,96,98,0,0,64,68,0,85,66,62,94,52,53,84,0,0,0,69,57,0,63,69,0,0,0,81,80,0,0,0,0,0,51,44,0,38,0,0,0,74,67,67,0,0,0,0,0,51,0,0,0,69,51,39,0,0,49,50,65,0,0,0,0,0,92,57,78,0,0,74,0,0,0,71,0,48,22,60,66,0,77,0,0,72,0,0,88,92,77,80,0,67,41,64,0
2025-05-13,61,41,84,74,56,55,0,60,64,17,0,62,0,87,90,68,11,43,97,0,85,84,0,55,76,54,49,60,51,23,63,0,84,57,78,99,90,32,0,65,49,33,61,0,25,0,0,65,54,94,89,81,72,65,42,48,0,15,35,0,0,0,6,46,91,0,42,59,0,57,87,2,47,0,45,30,32,0,0,78,13,93,37,0,38,84,0,0,62,53,57,0,76,84,59,0,82,61,54,21,91,72,93,0,0,56,47,90,0,59,0,0,0,64,0,0,41,64,78,0,56,58,58,0,96,80,0,67,77,65,0,0,0,31,78,0,63,0,83,0,72,54,0,58,69,0,55,48,61,63,43,81,0,0,0,58,0,0,0,60,0,52,0,0,0,53,90,0,0,57,71,100,91,42,56,93,52,37,80,0,0,0,55,64,0,89,65,58,0,0,75,78,98,49,0,0,0,49,45,42,43,0,0,0,70,0,52,0,0,0,0,0,0,0,0,0,100,53,100,0,0,45,50,63,0,0,0,0,0,0,40,75,0,0,73,0,81,0,66,0,40,23,55,66,0,75,0,0,63,0,0,83,91,70,74,0,79,40,60,0
2025-05-14,62,43,86,74,54,54,0,61,65,30,0,58,0,97,100,72,8,42,100,0,85,84,0,63,72,47,54,62,66,23,54,0,88,51,78,92,76,33,0,84,48,19,57,61,26,0,0,63,56,93,66,82,92,61,45,48,0,12,34,0,0,0,6,44,88,0,46,60,0,89,95,2,47,0,45,27,40,71,0,82,14,75,0,0,37,76,0,0,69,51,58,0,71,79,0,0,100,63,51,30,80,66,73,0,0,54,47,91,0,40,0,0,0,58,0,0,0,53,77,0,68,97,62,0,78,79,0,62,73,64,0,66,0,30,62,0,56,0,74,0,0,60,61,64,67,0,50,49,56,67,60,40,0,51,0,86,0,0,0,61,0,60,0,54,0,52,88,60,0,55,70,0,92,84,62,86,92,67,73,0,0,0,60,57,0,57,59,71,0,0,73,74,0,0,0,0,0,30,44,0,40,0,0,0,75,0,84,0,0,91,0,0,0,0,0,54,0,46,73,0,0,50,49,60,0,0,0,0,0,73,56,76,0,0,72,0,58,98,71,0,46,21,44,55,0,76,0,0,58,0,0,90,75,69,56,0,78,39,63,0
2025-05-15,59,39,75,82,56,56,0,59,66,25,0,67,0,72,89,69,11,50,0,100,84,83,0,87,80,51,44,64,0,25,0,0,68,52,76,85,63,35,0,69,47,21,61,0,28,0,0,59,59,86,68,81,90,72,43,57,0,15,36,0,0,0,5,41,89,0,48,59,0,89,85,3,49,0,46,23,39,0,0,81,16,90,0,0,39,74,0,0,62,0,63,0,87,81,67,0,71,68,61,19,85,65,87,52,0,54,49,95,0,62,0,0,0,50,0,0,46,59,84,0,61,0,84,0,87,76,0,61,0,65,0,0,0,32,64,0,83,0,69,0,55,65,0,68,63,0,45,59,63,69,99,51,0,0,0,42,0,0,0,65,0,34,0,0,0,58,96,0,0,57,62,0,85,63,59,93,47,55,73,0,0,0,62,69,0,66,71,0,0,0,80,82,0,52,0,0,0,48,46,0,39,0,72,0,62,0,75,0,0,0,0,0,0,0,0,0,0,52,0,0,0,47,56,66,97,0,0,70,0,0,64,75,0,0,76,0,0,0,62,0,45,20,43,57,0,50,0,0,56,0,0,91,65,75,60,0,68,35,56,0
2025-05-16,63,40,77,69,60,58,0,66,65,28,0,70,0,48,78,50,8,38,0,0,78,79,0,76,79,57,100,63,63,25,0,0,71,54,74,87,76,51,0,0,45,17,64,0,29,0,0,59,59,86,69,88,60,60,49,56,0,12,34,0,0,0,4,45,75,0,58,58,0,77,74,3,53,0,47,22,49,93,0,70,14,86,53,0,39,72,0,0,65,0,68,0,69,87,0,74,81,75,69,28,76,62,76,0,0,53,53,96,0,61,0,0,0,40,0,0,0,73,76,0,63,0,70,0,70,79,0,66,0,65,0,69,0,39,51,0,0,0,72,0,0,68,0,78,66,0,94,60,77,38,71,53,0,0,0,41,0,0,0,63,0,63,0,54,0,48,89,0,0,58,62,0,74,50,65,81,35,55,77,63,0,0,65,75,0,64,68,0,0,0,76,75,0,52,0,0,0,57,42,0,37,0,100,0,61,61,36,0,0,0,0,0,0,0,0,0,0,65,0,0,0,48,59,66,0,0,0,0,0,66,49,71,0,0,72,0,72,0,77,0,49,18,46,56,0,34,0,100,58,0,0,94,56,84,63,0,68,36,60,0
2025-05-17,76,47,75,63,84,66,0,66,78,34,0,97,0,95,77,53,12,38,0,0,89,84,0,68,91,78,42,81,0,28,0,0,64,69,61,82,87,68,0,46,46,29,70,0,51,0,0,74,78,74,90,72,43,69,57,76,0,14,42,0,0,0,3,49,73,0,71,72,0,0,81,4,70,0,58,22,0,0,0,76,0,87,0,0,55,52,0,0,77,0,96,0,68,93,0,0,82,88,83,0,81,86,74,0,0,71,57,93,0,0,0,0,0,67,0,0,0,61,67,0,79,0,84,0,84,95,0,86,0,81,0,0,0,60,26,0,0,0,86,0,0,80,0,76,81,0,92,82,64,61,63,0,0,0,0,0,0,0,0,74,0,39,0,0,0,0,72,0,0,71,77,0,63,28,72,80,64,49,96,54,0,0,84,89,0,51,86,0,0,0,93,77,0,0,0,0,0,0,38,0,82,0,0,0,37,0,37,0,0,0,0,0,0,0,0,0,0,72,0,0,0,46,81,82,0,0,0,0,0,59,43,84,0,0,78,0,61,0,81,0,79,31,61,73,0,37,0,0,99,0,0,83,47,62,79,0,88,43,91,0
2025-05-18,82,50,79,62,84,66,0,71,81,21,0,82,0,41,92,43,12,0,0,0,90,90,0,41,90,85,45,83,0,31,0,0,72,75,66,89,62,64,0,0,46,24,72,0,44,0,0,80,83,63,77,56,36,61,67,76,0,13,44,0,0,0,3,59,57,0,70,70,0,0,89,5,80,0,69,22,0,0,0,84,0,86,0,0,51,46,0,0,83,0,100,0,77,63,0,0,56,74,86,0,82,85,63,0,0,72,66,88,0,41,0,0,0,47,0,0,0,81,60,0,82,0,79,0,66,96,0,91,0,86,0,0,0,59,0,0,0,0,86,0,0,84,0,80,82,0,64,65,66,47,58,0,0,94,0,0,0,100,0,82,0,0,0,0,0,0,71,0,0,74,79,0,64,45,78,84,73,40,93,69,0,0,80,92,0,55,90,0,0,100,89,74,0,56,0,0,0,39,39,0,28,0,0,0,31,77,78,0,0,0,0,0,0,0,0,0,0,76,0,0,0,48,79,84,0,0,0,0,0,0,38,85,0,0,77,0,77,0,90,0,82,42,59,73,0,0,0,0,100,0,0,81,62,76,75,0,91,47,74,0
2025-05-19,71,38,80,74,66,52,0,57,66,20,0,65,0,53,95,52,9,37,0,0,89,87,0,42,79,53,37,64,53,23,65,0,81,58,77,86,77,39,0,49,34,19,62,0,24,0,0,60,66,95,94,82,79,65,41,52,0,13,52,0,0,0,5,46,70,0,43,66,0,61,89,2,51,0,47,21,38,0,88,80,0,100,0,0,41,80,0,0,69,42,60,0,83,87,59,75,88,67,54,0,77,73,89,81,0,65,50,93,0,46,0,0,0,46,0,0,0,58,81,0,61,0,67,0,78,75,0,65,57,75,0,0,0,32,38,0,49,0,77,0,0,64,0,58,69,0,49,39,37,73,50,59,0,40,0,69,0,0,0,63,0,82,0,0,0,74,94,0,0,65,65,0,76,44,60,89,86,64,75,0,0,0,70,62,0,62,67,0,0,0,81,82,0,60,0,0,0,73,41,0,46,0,0,0,71,0,50,0,0,0,0,0,0,0,0,0,0,62,0,0,0,45,56,62,0,100,0,65,0,55,39,72,0,0,73,0,0,0,64,0,49,26,49,58,0,74,0,0,70,0,0,84,64,82,69,0,73,34,66,0
2025-05-20,66,36,85,74,62,61,0,62,68,19,91,64,0,71,92,72,10,0,0,0,94,89,67,75,77,54,43,62,0,21,0,0,80,54,74,91,80,37,0,0,40,17,62,0,25,0,0,62,62,93,98,90,84,63,43,52,0,13,44,0,0,0,6,49,85,0,44,66,0,64,88,2,51,0,44,22,40,0,0,74,13,90,0,100,43,90,85,0,71,38,64,0,70,85,0,0,71,64,54,25,78,73,87,54,0,61,47,93,0,33,0,0,0,71,100,0,0,74,76,0,63,0,60,0,80,72,94,64,0,68,0,0,0,31,42,0,74,0,78,0,0,62,0,51,88,0,45,67,52,71,53,62,0,41,0,58,0,0,0,62,0,51,0,0,0,0,89,0,0,57,63,0,90,58,65,96,79,47,74,0,0,0,61,66,0,61,58,0,0,0,82,80,0,47,0,0,0,74,41,0,52,0,0,0,79,0,53,0,0,0,0,0,0,0,0,0,0,61,0,0,0,52,51,61,0,0,0,0,0,55,42,78,0,0,73,0,53,0,73,0,45,23,56,67,0,70,0,0,62,0,0,80,69,64,75,0,65,31,69,0
2025-05-21,64,39,84,100,60,60,0,63,63,20,0,63,0,96,91,65,10,46,0,0,90,86,0,70,83,53,45,61,64,20,0,0,87,54,78,91,76,39,0,65,47,21,63,0,25,0,0,65,61,91,92,83,78,63,42,52,0,14,42,0,0,0,5,47,61,0,46,64,0,50,84,2,55,0,42,22,0,0,0,79,0,80,0,0,42,90,0,0,71,52,65,0,81,83,0,0,80,64,72,30,80,66,92,0,0,57,58,89,0,76,0,0,0,53,0,0,0,47,85,0,63,0,66,0,83,75,0,57,0,72,0,0,0,34,46,0,0,0,72,0,0,64,60,48,78,0,57,73,65,78,47,66,0,50,0,57,0,0,0,62,0,50,0,0,0,40,94,0,0,60,60,0,87,51,62,84,0,56,79,0,0,0,68,70,0,81,58,0,0,0,74,75,0,0,0,66,0,73,42,0,51,0,0,0,56,0,53,0,0,0,0,0,0,0,0,0,0,67,0,0,0,56,60,63,100,0,0,0,0,0,54,79,0,100,73,0,51,0,61,0,50,23,44,65,0,62,0,0,58,0,0,90,66,74,70,0,68,36,69,0
2025-05-22,63,38,86,81,60,61,0,64,63,20,67,65,0,74,84,68,13,0,92,0,87,88,0,67,79,53,43,63,55,21,0,0,72,56,78,96,72,39,0,64,47,16,60,0,28,0,0,68,57,89,70,84,88,61,42,54,0,11,39,0,0,0,5,44,95,0,50,65,0,0,82,3,54,0,45,20,0,0,0,81,28,88,48,0,41,76,0,0,84,42,65,0,60,76,0,0,77,70,70,31,78,65,90,61,0,60,58,91,0,49,0,0,78,65,31,0,0,57,80,0,62,0,87,0,81,70,0,60,0,71,0,64,0,37,62,0,63,0,73,0,0,63,55,50,76,0,52,64,48,77,49,85,0,43,0,60,0,0,0,63,0,66,0,0,0,88,89,100,0,58,65,0,87,53,63,82,74,42,75,41,0,0,71,77,0,61,62,0,0,0,74,68,0,54,0,59,0,56,46,0,72,0,0,0,75,0,62,89,0,0,0,0,0,0,0,0,0,65,0,0,0,52,56,65,0,0,0,100,0,51,43,77,0,0,70,0,0,0,67,0,53,26,56,72,0,58,0,0,55,0,0,100,62,77,74,0,64,40,66,0
2025-05-23,67,42,87,89,66,61,0,66,64,25,0,67,0,60,80,57,14,41,0,0,88,87,0,68,79,62,66,74,58,26,0,0,69,60,70,82,66,49,100,0,46,21,69,69,33,0,0,73,67,87,85,82,54,65,50,63,0,12,51,0,90,0,4,41,90,0,52,58,0,0,78,3,59,0,50,23,40,0,0,75,16,79,0,0,46,76,0,0,71,44,73,0,64,92,0,74,86,80,75,19,80,70,85,0,0,59,59,94,0,62,0,0,0,50,0,0,0,58,75,0,65,84,75,0,70,80,0,66,0,71,0,0,0,43,41,0,0,0,75,0,0,73,72,49,67,0,74,40,58,74,54,89,0,43,0,38,0,0,0,66,0,32,0,69,0,73,77,0,0,75,65,0,85,47,63,88,65,46,82,0,0,0,77,78,0,74,64,0,0,0,72,75,0,0,0,0,0,53,41,0,51,0,0,0,57,0,39,0,0,0,0,0,0,0,0,0,0,69,65,0,0,49,66,73,0,0,0,0,0,0,64,79,0,0,67,0,0,77,78,0,58,23,64,65,0,83,100,0,62,0,0,98,53,69,86,0,67,38,67,0
2025-05-24,85,48,84,61,83,67,82,70,76,24,28,99,17,56,83,42,14,22,22,31,85,83,33,42,92,87,44,96,43,30,29,0,62,73,59,88,75,60,19,21,48,27,79,21,47,8,0,81,86,73,74,79,44,66,60,91,28,13,53,0,76,26,3,44,78,12,70,75,10,43,81,4,72,22,59,28,24,11,29,70,12,83,91,21,53,50,14,34,91,26,97,6,62,90,34,6,67,90,92,12,90,89,66,28,10,76,82,88,0,54,8,20,24,50,7,0,14,75,62,0,89,34,87,0,78,92,15,87,51,83,0,26,0,58,16,8,27,0,89,14,13,74,21,100,78,10,71,59,66,67,91,39,0,70,51,25,0,11,0,76,0,22,0,9,0,47,65,21,46,100,83,11,62,39,76,73,56,46,91,45,44,0,87,93,0,58,79,30,0,0,75,85,7,47,90,41,0,45,39,26,96,5,27,0,26,63,55,40,12,30,0,14,12,0,0,19,26,83,19,0,0,40,78,84,13,15,0,36,55,82,41,81,0,16,80,0,48,29,90,34,79,28,56,84,0,45,8,0,83,6,10,85,47,83,96,12,85,41,100,12
2025-05-25,89,54,79,57,91,68,63,72,78,20,30,83,19,54,85,41,15,23,23,37,84,89,38,37,97,100,43,100,48,31,24,11,59,89,59,95,65,66,18,16,47,23,79,24,46,7,0,90,97,61,84,68,33,59,61,91,35,15,57,0,63,31,2,50,69,11,74,71,8,60,88,4,78,21,64,26,23,9,25,69,9,79,24,25,56,41,18,33,95,21,94,7,64,62,36,7,65,69,96,11,93,87,72,30,14,83,95,84,0,55,7,0,17,43,7,95,15,71,52,0,91,33,78,0,72,87,14,94,57,87,0,28,0,60,17,0,21,0,85,18,10,79,25,67,72,0,73,57,59,64,66,33,0,68,27,25,61,17,0,81,0,19,0,11,0,41,64,15,39,96,82,0,61,38,79,76,59,36,94,42,0,0,91,94,13,51,85,23,0,0,81,81,8,46,100,44,0,43,36,27,36,6,28,0,24,85,56,41,12,34,0,10,12,0,0,17,25,94,19,0,0,44,72,84,13,0,0,35,67,95,42,79,0,10,89,0,63,20,88,36,83,28,56,85,0,36,0,0,88,10,13,71,50,86,97,10,87,47,85,8
2025-05-26,100,52,83,63,100,72,0,66,76,23,36,92,18,59,96,41,68,28,22,40,93,95,33,44,99,98,41,95,52,30,26,18,63,86,59,91,67,62,15,21,42,25,87,30,42,5,0,100,93,66,77,72,41,68,57,93,33,14,100,0,60,29,2,61,77,19,71,87,8,35,92,3,78,23,69,24,22,15,28,72,12,88,23,27,57,50,18,0,100,27,93,0,60,79,37,10,66,54,92,11,95,100,63,24,12,100,100,87,57,55,7,0,26,46,11,0,17,72,58,0,98,25,81,0,90,86,12,97,52,89,0,28,0,48,20,0,19,0,92,15,11,79,24,62,76,0,81,64,63,65,60,35,84,76,62,30,0,22,0,88,0,24,0,11,0,45,76,17,58,100,89,10,74,35,87,83,51,39,92,50,34,0,100,99,14,53,93,23,0,0,79,79,6,49,61,37,0,46,38,26,34,8,30,0,27,93,53,36,9,26,0,14,11,0,0,16,31,99,20,0,0,42,71,86,19,12,0,42,68,100,35,88,9,9,90,0,51,15,95,64,85,27,56,100,0,34,7,0,98,12,18,67,49,89,100,14,81,51,84,9
2025-05-27,68,38,83,75,60,56,65,63,66,20,38,70,17,78,94,61,100,41,32,31,89,95,41,67,90,59,60,74,58,23,43,25,100,60,67,92,85,40,24,53,42,17,65,30,23,15,0,75,71,95,81,85,77,67,42,64,43,12,55,17,85,20,5,52,76,24,46,67,15,54,93,2,50,23,47,23,34,27,40,84,34,91,32,30,44,84,43,47,78,46,66,19,71,87,48,14,75,71,59,21,90,78,81,52,19,73,68,97,30,74,21,17,51,56,13,49,24,56,88,100,68,54,62,0,92,75,13,68,57,75,71,42,9,30,26,15,47,0,85,29,26,63,39,52,79,18,62,56,57,79,47,53,75,61,64,53,47,19,94,57,0,46,6,32,0,48,95,36,85,65,67,14,93,46,71,95,58,42,82,28,66,0,84,66,29,74,68,42,0,18,69,75,13,52,55,35,0,51,39,34,47,12,41,0,83,91,63,50,11,43,70,12,25,0,0,32,29,66,22,0,0,41,47,62,47,16,0,41,42,78,48,74,0,14,81,0,47,37,70,65,49,20,58,71,77,62,7,0,68,20,28,83,59,89,68,17,65,42,72,14
2025-05-28,64,40,83,76,58,55,55,69,63,20,44,66,22,77,95,72,16,45,34,33,91,89,36,62,88,58,58,69,54,23,47,19,95,58,66,91,77,40,31,47,42,16,61,32,26,13,0,65,62,91,80,85,86,61,42,62,41,14,47,16,75,22,5,48,80,27,47,64,18,54,94,2,52,27,42,20,36,35,47,78,100,87,65,31,41,81,47,80,76,47,64,16,73,88,51,21,82,69,77,23,86,71,83,53,18,61,57,92,56,68,20,21,51,54,22,98,25,60,88,91,65,49,65,0,90,76,12,61,56,71,60,40,7,32,26,22,56,0,83,31,29,72,36,50,77,17,54,44,53,97,48,50,76,42,85,56,89,18,73,57,100,69,0,34,0,54,89,43,71,60,64,23,92,47,66,94,57,42,77,31,71,0,77,69,100,68,63,49,0,17,68,74,10,49,38,32,0,52,43,28,46,15,47,0,79,70,55,56,10,61,94,10,28,0,4,31,32,61,24,0,100,45,48,69,46,20,0,40,40,70,55,80,0,11,78,11,46,35,67,62,48,24,55,58,89,60,10,0,58,26,27,80,60,75,64,15,69,38,66,14
2025-05-29,61,42,87,80,58,57,77,69,69,19,43,72,21,72,91,65,12,41,40,33,90,87,37,68,86,60,55,75,56,26,48,15,87,57,64,97,81,42,23,47,44,18,65,31,26,13,0,67,64,91,85,84,88,66,44,68,32,17,49,18,81,22,5,52,84,22,56,67,16,51,95,3,57,32,47,22,35,23,54,81,25,85,35,28,41,81,46,62,78,48,64,22,70,88,43,21,85,70,69,27,83,70,79,51,24,58,53,95,100,68,22,19,40,57,25,67,20,66,85,46,66,49,66,100,83,78,21,70,53,73,88,44,9,34,24,12,58,63,78,27,40,69,45,53,74,21,53,54,50,81,51,47,86,39,57,47,58,22,94,60,0,52,8,37,0,56,89,43,91,69,68,13,94,45,62,92,59,47,82,30,51,0,75,76,30,64,64,47,0,14,77,80,13,51,36,41,0,58,46,30,46,14,43,0,80,68,62,65,11,40,77,11,40,0,0,28,35,57,22,0,0,48,55,70,41,23,0,44,28,59,58,76,0,9,80,7,50,52,100,70,52,22,56,61,89,51,9,0,56,32,19,90,60,81,65,10,80,40,67,15
2025-05-30,68,43,79,86,61,63,61,76,68,19,40,79,20,68,86,62,12,31,33,27,91,91,36,60,89,69,54,79,53,28,49,18,84,55,64,89,83,53,16,43,40,19,70,36,36,13,100,66,72,94,99,91,69,67,51,73,36,17,51,17,81,27,5,49,79,26,56,65,14,51,88,4,60,26,48,22,34,20,34,80,20,85,35,37,45,83,41,72,78,44,81,15,67,95,42,13,83,84,84,22,88,72,79,42,23,61,54,91,43,58,21,14,45,55,14,66,23,72,86,0,67,52,71,0,84,83,15,75,51,85,62,45,0,42,24,14,43,79,81,25,35,73,35,54,77,19,54,54,53,79,57,53,0,41,82,42,54,24,92,64,0,41,4,28,7,50,81,35,100,75,67,16,88,44,68,91,63,44,88,40,90,0,76,86,35,72,67,40,0,13,74,76,9,47,73,42,0,50,44,30,42,13,37,100,73,63,60,64,13,39,75,13,27,0,0,27,32,63,24,100,0,48,64,78,34,24,0,48,26,62,50,81,0,11,81,9,50,40,82,75,57,23,54,57,0,48,8,0,60,22,23,97,56,91,78,13,80,41,69,17
2025-05-31,81,51,77,68,79,68,97,79,82,18,30,100,17,55,84,47,14,20,28,30,100,94,38,42,99,83,57,91,50,33,34,0,61,72,55,90,74,61,9,21,48,25,77,28,47,12,0,76,97,84,98,69,43,70,59,93,31,16,65,0,64,22,3,50,75,16,66,80,9,38,94,6,72,30,65,24,20,8,30,71,13,82,30,31,52,55,19,0,88,30,93,10,59,89,35,7,76,93,95,13,88,87,63,23,13,69,62,93,48,60,14,15,23,48,8,0,17,79,67,0,79,30,91,0,78,94,11,89,52,94,73,26,0,61,16,9,22,0,94,16,20,81,20,59,85,0,67,58,56,74,62,36,0,49,56,30,0,18,0,74,0,25,0,12,0,42,75,21,54,92,82,9,65,35,77,84,65,59,93,50,53,0,94,96,15,60,84,32,0,0,75,71,0,49,82,45,0,44,38,33,91,11,34,0,38,79,54,37,13,32,0,9,11,0,0,20,34,76,17,0,77,45,79,91,24,13,0,35,41,87,39,87,0,10,79,0,48,30,94,64,74,29,57,65,0,36,7,0,83,10,17,95,47,82,94,13,97,50,97,0
2025-06-01,80,54,79,68,82,64,0,71,77,23,34,91,11,56,97,42,14,27,17,33,89,95,35,37,100,91,48,94,51,29,35,9,59,76,53,96,63,61,12,16,42,24,75,27,42,6,0,85,100,67,94,59,44,62,60,94,30,14,91,0,67,27,2,57,74,16,65,71,9,34,97,5,81,26,67,25,19,11,26,73,12,88,28,30,57,45,21,0,91,23,89,0,58,64,40,9,70,75,91,10,87,88,58,18,15,76,63,87,0,61,12,14,18,48,7,0,12,87,69,0,82,33,83,0,75,90,13,93,59,98,0,17,7,55,21,7,18,0,89,9,18,83,25,61,81,0,63,58,61,66,58,28,0,44,43,28,66,23,0,72,0,18,0,12,0,43,72,14,56,93,85,11,67,40,76,88,52,51,96,41,40,0,91,97,22,54,83,26,0,0,82,71,0,54,65,46,0,43,35,30,36,0,36,0,39,100,50,39,11,30,0,9,12,0,0,18,37,77,20,0,0,44,75,95,17,6,0,35,39,85,38,89,0,9,84,0,64,22,85,63,81,31,62,68,0,36,0,0,88,8,19,75,52,81,86,13,97,48,89,8
2025-06-02,72,43,89,86,64,57,73,67,71,20,44,75,79,72,92,68,10,43,34,32,91,90,44,65,95,62,49,76,54,23,45,17,82,63,59,96,81,44,17,49,38,17,67,32,23,19,0,67,87,98,93,87,77,65,42,66,34,14,88,15,80,22,5,49,81,27,46,63,11,54,93,2,54,27,50,24,42,21,40,82,18,94,38,39,42,81,46,71,73,51,64,20,67,91,39,17,89,73,56,25,87,83,71,45,27,62,52,93,81,65,26,29,54,58,15,100,27,73,91,52,70,51,69,0,93,86,19,70,54,85,64,41,6,32,31,14,53,100,81,17,38,65,40,53,75,19,49,52,53,73,48,54,0,39,85,53,65,13,0,58,0,34,4,33,6,54,94,41,68,69,70,17,96,41,67,93,59,50,80,31,89,0,80,67,27,73,66,45,0,12,72,87,9,53,41,36,0,50,39,27,54,14,47,0,83,78,54,61,14,46,87,13,23,0,0,29,30,62,23,0,87,45,53,73,37,22,0,40,36,70,46,74,0,13,73,0,51,44,67,100,49,21,53,59,100,51,0,0,71,19,26,83,59,86,71,14,75,39,83,11
2025-06-03,69,47,91,85,59,54,100,64,64,21,41,72,37,84,94,71,10,40,36,31,92,92,47,69,95,60,57,74,64,24,50,22,81,57,59,94,86,44,23,47,38,16,69,31,23,18,0,67,84,100,81,91,87,63,50,70,42,13,75,17,89,24,5,100,80,25,47,70,15,53,97,2,55,28,49,26,58,24,46,82,17,91,44,31,44,92,54,72,70,49,64,29,71,91,58,16,95,72,56,28,87,71,74,51,21,57,51,97,63,56,26,17,53,63,16,76,43,63,87,55,74,60,65,0,100,85,14,67,69,85,69,43,28,31,26,18,65,0,80,33,42,66,41,54,91,12,56,55,51,75,46,44,0,35,92,53,67,17,77,58,0,47,7,36,0,54,98,39,86,69,68,9,94,47,62,96,61,52,82,34,64,0,79,67,27,74,62,54,82,20,68,74,10,46,40,36,8,52,58,33,46,13,44,0,83,68,57,64,15,28,62,10,26,0,0,31,35,57,24,0,87,54,51,71,38,11,3,39,33,64,48,76,0,12,80,0,46,50,65,83,47,21,49,54,0,52,0,0,67,23,28,85,58,92,72,13,76,37,72,17
2025-06-04,66,45,92,78,59,59,76,72,66,20,45,77,33,75,91,64,11,46,37,50,87,96,37,72,90,59,49,73,54,24,69,31,78,58,56,92,88,46,24,56,39,18,74,32,23,17,0,71,79,99,81,89,83,64,46,71,40,17,73,25,70,21,5,50,84,31,52,63,19,54,94,2,56,27,49,22,37,29,34,83,16,83,100,36,43,81,44,100,73,55,61,26,70,90,47,18,92,67,55,56,92,70,77,49,57,61,47,88,92,60,25,20,48,53,15,43,26,67,100,71,72,48,83,0,87,84,14,75,59,100,100,42,12,34,25,19,62,0,79,30,37,66,43,53,76,15,51,54,66,74,45,50,100,37,100,52,100,22,60,60,0,48,6,34,8,52,100,46,82,64,74,15,93,44,63,90,62,82,79,33,63,0,99,71,31,75,64,64,100,20,69,79,7,75,34,47,7,45,52,31,48,13,44,0,78,62,55,57,20,48,87,10,23,0,0,34,37,51,24,0,83,51,52,75,37,21,0,41,31,58,45,78,6,8,82,10,53,60,69,67,47,22,51,49,0,46,11,0,60,26,28,84,57,85,67,12,80,39,71,17
2025-06-05,66,45,92,77,58,55,89,70,65,20,47,74,27,78,92,63,11,47,31,51,92,94,41,73,88,58,41,78,55,23,54,16,80,55,54,92,78,46,23,46,49,19,100,33,25,20,0,74,78,96,78,87,85,62,47,73,40,15,63,24,75,22,5,42,84,24,51,61,18,53,93,3,60,35,52,21,38,29,48,81,24,83,43,33,47,87,42,64,70,45,65,22,67,85,42,17,87,73,59,100,91,73,77,44,25,59,49,94,62,60,19,24,38,51,13,54,23,64,82,57,70,55,69,0,83,82,14,68,50,82,97,48,10,34,22,22,53,0,76,26,35,66,50,52,77,21,50,61,66,77,48,47,89,34,89,50,0,16,100,60,0,43,6,26,6,48,91,45,84,66,68,20,93,50,61,90,62,66,83,38,100,0,81,72,38,71,70,51,0,15,69,74,9,52,56,42,0,44,49,32,46,17,38,0,78,61,58,66,16,36,100,20,22,0,0,35,26,52,21,0,0,51,53,80,42,14,0,40,26,56,42,77,0,13,78,9,41,47,73,86,50,26,45,48,89,48,9,5,62,23,23,92,53,86,64,18,77,39,77,16
2025-06-06,67,46,88,85,61,58,100,74,68,22,44,76,23,77,85,60,12,37,23,80,90,92,47,63,82,62,48,79,53,26,53,30,76,54,51,86,73,59,19,51,49,18,80,26,34,17,0,71,82,91,73,80,71,65,55,77,38,16,59,17,66,13,4,52,78,31,53,63,16,54,89,3,60,25,54,23,33,24,36,71,20,88,35,30,49,78,36,51,70,42,65,14,59,91,50,19,84,80,64,39,92,70,80,41,18,58,53,96,0,51,16,13,48,48,8,0,29,86,81,88,72,57,83,0,80,85,13,72,50,81,0,39,6,42,24,19,49,88,80,27,33,71,48,53,77,10,49,60,64,76,52,45,0,35,79,43,54,17,100,62,0,43,6,33,7,47,80,33,81,75,68,12,75,45,67,84,55,68,83,39,53,0,77,77,21,66,74,50,84,11,69,76,6,67,38,47,0,47,43,34,41,8,39,0,76,68,57,74,11,30,70,10,20,0,0,26,31,48,22,95,88,51,56,82,27,18,0,52,24,62,45,77,0,9,80,0,44,40,74,56,54,100,45,49,0,43,7,6,63,16,21,97,57,87,74,10,77,48,81,13
2025-06-07,65,45,83,58,59,48,0,90,77,16,0,81,0,84,91,50,14,28,0,44,88,87,0,37,87,62,50,90,54,29,36,0,57,53,46,87,67,100,0,20,47,23,77,41,58,0,0,73,84,70,52,58,55,56,100,81,42,13,73,0,43,0,3,66,73,0,51,57,0,42,85,2,90,33,56,28,16,0,0,70,19,87,42,0,52,48,0,0,78,34,90,0,60,74,46,0,71,41,100,18,82,71,60,0,0,60,53,69,0,38,0,100,0,53,0,0,0,80,59,0,77,0,64,0,75,82,0,69,35,80,0,0,0,65,33,0,29,0,75,0,24,84,0,64,67,0,43,56,78,54,50,40,0,20,0,36,0,0,0,63,0,22,0,0,0,57,70,0,0,79,79,0,56,41,69,70,62,40,88,50,0,0,76,81,0,61,73,51,0,0,68,70,0,45,0,32,0,52,40,31,66,0,0,0,56,79,46,40,0,0,0,0,0,0,0,0,33,53,0,0,0,46,67,93,0,0,0,61,0,82,37,81,0,0,83,0,68,33,75,0,52,98,66,55,0,47,0,0,63,0,0,55,56,85,48,0,90,46,94,0
