date,HOME DEPOT,MCDONALDS,BOOKING,TJX,LOWES,STARBUCKS,OREILLY AUTOMOTIVE,DOORDASH,NIKE,CHIPOTLE MEXICAN GRILL,ROYAL CARIBBEAN GROUP,AUTOZONE,HILTON WORLDWIDE,MARRIOTT INTERNATIONAL,AIRBNB,GENERAL MOTORS,ROSS STORES,YUM BRANDS,FORD MOTOR CO,LULULEMON ATHLETICA,CARVANA,EBAY,D R HORTON,COUPANG,GARMIN,TRACTOR SUPPLY,DARDEN RESTAURANTS,CARNIVAL,LENNAR A,ULTA BEAUTY,EXPEDIA GROUP,PULTEGROUP,NVR,WILLIAMS SONOMA,DUOLINGO,TAPESTRY,GENUINE PARTS,DOMINOS PIZZA,DECKERS OUTDOOR,APTIV,DRAFTKINGS,BURLINGTON STORES,BEST BUY,LAS VEGAS SANDS,TEXAS ROADHOUSE,RIVIAN AUTOMOTIVE,SOMNIGROUP INTERNATIONAL,RALPH LAUREN,POOL,SERVICE,TOLL BROTHERS,LKQ,ARAMARK,CARMAX,WINGSTOP,DICKS SPORTING,WYNN RESORTS,HASBRO,PLANET FITNESS,TOPBUILD,LITHIA MOTORS,SKECHERS USA,H&R BLOCK,NORWEGIAN CRUISE LINE,MURPHY USA,BRINKER INTERNATIONAL,DUTCH BROS,FLOOR DECOR,LIGHT WONDER,MGM RESORTS INTERNATIONAL,BRIGHT HORIZONS FAMILY SOLUTIONS I,BORGWARNER,OLLIES BARGAIN OUTLET,ETSY,CHURCHILL DOWNS,FIVE BELOW,WYNDHAM HOTELS RESORTS,BATH AND BODY WORKS,MATTEL,SHARKNINJA,CAVA GROUP,GRAND CANYON EDUCATION,STRIDE,VAIL RESORTS,HYATT HOTELS,CAESARS ENTERTAINMENT,TAYLOR MORRISON HOME,CROCS,GROUP AUTOMOTIVE,MOHAWK INDUSTRIES,ADTALEM GLOBAL EDUCATION,URBAN OUTFITTERS,GENTEX,BOOT BARN,MODINE MANUFACTURING,LEAR,AUTONATION,BOYD GAMING,ASBURY AUTOMOTIVE GROUP,MERITAGE,VALVOLINE,SHAKE SHACK,PVH,GAP,WHIRLPOOL,VF,FRONTDOOR,THOR INDUSTRIES,WAYFAIR,ABERCROMBIE AND FITCH,BRUNSWICK,INSTALLED BUILDING PRODUCTS,CHAMPION HOMES,KONTOOR BRANDS,CHOICE HOTELS INTERNATIONAL,DORMAN PRODUCTS,KB HOME,TRAVEL LEISURE,AMER SPORTS,CAVCO INDUSTRIES,SIGNET JEWELERS,ACADEMY SPORTS AND OUTDOORS,ADT,GOODYEAR TIRE & RUBBER,MACYS,SIX FLAGS ENTERTAINMENT,GRAHAM  COMPANY,ADVANCE AUTO PARTS,LAUREATE EDUCATION,HILTON GRAND VACATIONS,HARLEY DAVIDSON,M I HOMES,BIRKENSTOCK,TRI POINTE HOMES,PATRICK INDUSTRIES,RH,YETI,PERDOCEO EDUCATION,PENN ENTERTAINMENT,PELOTON INTERACTIVE,CHEESECAKE FACTORY,LIFE TIME GROUP,MARRIOTT VACATIONS WORLDWIDE,RED ROCK RESORTS ORS,NEWELL BRANDS,LCI INDUSTRIES,POLARIS,VISTEON,LUCID GROUP,WENDYS,STRATEGIC EDUCATION,CAPRI,WARBY PARKER,PHINIA,LA-Z-BOY,ONESPAWORLD,COLUMBIA SPORTSWEAR,AMERICAN EAGLE OUTFITTERS,ACUSHNET,FOOT LOCKER,UNIVERSAL TECHNICAL INSTITUTE,GREEN BRICK PARTNERS,STEVEN MADDEN,HANESBRANDS,NATIONAL VISION,UNITED PARKS AND RESORTS,VICTORIA S SECRET,INTERNATIONAL GAME TECHNOLOGY,DILLARDS,PAPA JOHNS INTERNATIONAL,QUANTUMSCAPE,UPBOUND GROUP,ADIENT,WOLVERINE WORLD WIDE,CENTURY COMMUNITIES,SWEETGREEN,EVERI,LEGGETT & PLATT,SONOS,UNDER ARMOUR,CRACKER BARREL OLD COUNTRY STORE I,G III APPAREL GROUP,WINMARK,COURSERA,SUPER GROUP,MONARCH CASINO AND RESORT,CARTERS,LENNAR,FOX FACTORY,LGI HOMES,BUCKLE,BJS RESTAURANTS,WINNEBAGO INDUSTRIES,LOLN EDUCATIONAL SERVICES,CAMPING WORLD,SALLY BEAUTY,OXFORD INDUSTRIES,XPEL,KOHLS,SONIC AUTOMOTIVE,TOPGOLF CALLAWAY BRANDS,GENTHERM,THREDUP,SABRE,REVOLVE GROUP,BEAZER HOMES,DAVE AND BUSTERS ENTERTAINMENT,BUILD A BEAR WORKSHOP,PLAYAGS,HELEN OF TROY,FIGS,MATTHEWS INTERNATIONAL  CLASS,BLOOMIN BRANDS,UDEMY,CARRIAGE SERVICES,DREAM FINDERS HOMES,ETHAN ALLEN INTERIORS,ODP,MALIBU BOATS,THE REALREAL,STANDARD MOTOR PRODUCTS,STURM RUGER,GOLDEN ENTERTAINMENT,ACCEL ENTERTAINMENT,SMITH WESSON BRANDS,CALERES,HOVNANIAN ENTERPRISES,COOPER STANDARD,LINDBLAD EXPEDITIONS,MONRO,AMERICAN AXLE AND MANUFACTURING HO,MISTER CAR WASH,STITCH FIX,PORTILLO S,EL POLLO LOCO,MARINEMAX,ARHAUS,RCI HOSPITALITY,GIGACLOUD TECHNOLOGY,LANDSEA HOMES,KURA SUSHI USA,DINE BRANDS GLOBAL,POTBELLY,SHOE CARNIVAL,A MARK PRECIOUS METALS,JACK IN THE BOX,KINDERCARE LEARNING,AMERICAS CAR MART,FIRST WATCH RESTAURANT GROUP,ARKO,HAVERTY FURNITURE,MASTERCRAFT BOAT,EVGO,CRICUT,LOVESAC COMPANY,SAVERS VALUE VILLAGE,BEYOND,MOVADO GROUP,JAKKS PACIFIC,GENESCO,ZUMIEZ,TARGET HOSPITALITY,DENNYS,KRISPY KREME,DESIGNER BRANDS,SLEEP NUMBER,HOOKER FURNISHINGS,SOLID POWER,INSPIRED ENTERTAINMENT,ONEWATER MARINE,OUTDOOR,XPONENTIAL FITNESS,JOHNSON OUTDOORS,EUROPEAN WAX CENTER,CHEGG,STONERIDGE,LESLIES,GROWGENERATION,FUNKO,IROBOT,GOPRO,LUMINAR TECHNOLOGIES,DESTINATION XL GROUP
2024-06-02,96,46,83,87,91,57,0,83,56,37,70,90,61,87,96,74,35,39,30,42,85,96,75,60,80,80,53,83,79,49,84,0,79,25,34,87,84,76,26,86,38,31,44,55,70,33,0,34,80,84,85,96,77,87,71,72,82,56,77,74,67,62,10,66,73,37,83,86,43,23,0,45,50,72,9,43,54,42,46,43,38,47,86,21,84,73,56,80,86,53,0,50,86,53,48,33,91,66,8,92,93,74,57,59,82,79,98,98,73,29,93,0,75,35,0,64,83,68,35,0,59,82,90,0,31,0,60,61,0,77,86,0,57,100,72,66,80,0,99,0,73,43,46,0,85,0,82,53,54,50,57,72,66,66,62,0,50,51,89,49,75,0,61,100,69,0,0,96,50,0,25,0,70,0,72,100,97,55,79,53,0,0,54,83,22,0,29,92,89,90,68,71,100,0,96,89,0,90,37,76,0,0,85,58,0,76,58,73,0,49,53,0,51,79,94,59,0,84,64,68,82,45,36,0,76,55,0,58,54,96,0,100,94,0,84,100,60,68,0,52,0,0,78,47,0,70,64,0,0,70,60,66,46,66,0,0,89,0,34,80,60,34,68,84,67,69,0,63,0,100,95,69,79,91,63,84,100,53,64,46,79,13,0
2024-06-09,94,44,85,84,93,60,0,91,58,50,62,93,36,96,97,77,34,45,61,40,93,98,77,81,79,85,49,88,85,49,61,0,80,28,34,84,87,74,19,96,40,37,44,69,80,38,0,33,86,86,87,93,78,91,69,72,70,57,68,96,100,73,9,68,74,30,81,84,52,19,0,44,59,68,9,42,100,34,46,56,41,46,84,18,87,72,63,84,85,57,0,49,84,56,43,34,90,81,9,100,97,76,37,58,80,71,99,60,72,30,90,0,74,34,0,58,97,70,31,0,80,86,87,0,30,0,59,65,0,74,91,44,55,89,66,67,79,0,81,0,81,42,100,0,72,0,84,74,35,52,40,69,65,61,57,0,54,50,94,52,69,0,70,51,53,0,0,0,51,0,35,0,60,0,93,98,78,72,69,54,0,0,86,85,24,0,29,100,95,93,73,65,69,0,100,87,67,100,39,60,0,0,85,58,0,78,0,67,0,49,54,0,59,84,100,62,0,85,68,75,86,46,33,94,0,53,0,51,56,91,0,96,79,0,85,74,65,0,0,53,0,0,78,48,0,74,99,56,0,52,63,70,39,64,0,41,84,0,35,70,60,75,62,51,65,62,0,63,0,0,95,64,66,96,65,83,87,81,65,42,82,17,0
2024-06-16,92,45,81,81,91,59,81,84,55,43,58,94,60,87,95,73,36,36,53,62,89,97,96,58,81,83,59,77,69,50,70,49,85,26,31,86,76,70,20,59,35,38,44,44,84,46,0,34,100,84,87,91,75,100,69,66,70,56,68,70,68,73,8,77,79,37,85,85,45,0,0,59,46,65,10,45,100,29,53,38,52,56,85,25,85,71,49,80,88,69,0,49,81,49,0,29,100,100,8,100,98,78,28,57,80,76,70,71,71,29,91,0,76,34,67,52,99,77,39,0,71,76,87,0,31,26,75,69,0,83,91,44,60,73,31,66,80,0,92,0,83,41,63,0,79,0,82,62,33,49,42,73,69,65,75,0,46,51,82,51,50,0,65,29,55,0,0,0,51,0,30,0,57,0,74,88,72,44,67,52,0,0,0,82,24,0,27,97,100,73,68,64,0,100,87,91,67,88,39,99,0,0,85,57,74,88,75,56,0,42,56,0,72,78,84,62,0,63,64,73,100,0,44,0,0,45,0,32,56,99,0,95,79,0,89,66,69,0,0,53,0,0,100,49,0,65,59,0,0,53,75,74,41,60,0,45,85,0,39,43,60,51,67,86,62,74,0,59,0,0,86,100,37,100,57,88,82,52,67,46,81,16,0
2024-06-23,82,49,86,86,88,64,100,86,57,100,67,95,64,88,100,73,38,32,65,63,95,99,79,64,75,90,49,86,68,54,79,48,84,25,30,87,95,75,22,83,36,38,44,49,88,100,0,33,89,83,87,94,75,96,73,54,67,52,61,56,85,90,8,81,81,43,84,85,37,22,0,43,78,65,11,45,71,27,47,44,36,46,77,17,91,67,43,79,98,75,68,48,79,48,54,31,91,82,9,97,97,84,37,57,89,77,80,36,71,27,91,0,82,20,70,81,85,81,35,0,51,84,92,0,28,0,69,66,100,81,85,0,57,82,56,72,78,0,94,0,72,36,72,0,84,0,82,70,28,50,31,71,70,65,58,0,48,49,89,48,61,0,77,40,61,0,0,0,49,0,38,0,59,0,82,91,75,62,62,52,0,0,62,89,22,0,30,97,86,82,71,60,71,0,90,93,0,88,33,91,0,51,84,60,0,83,0,64,0,44,76,0,63,95,48,46,0,65,78,60,97,0,41,86,0,61,0,57,90,98,0,100,75,0,98,73,74,0,0,48,0,0,91,48,0,66,84,0,0,42,67,73,46,59,0,0,85,0,53,65,58,51,69,37,64,66,0,64,0,0,84,64,78,95,53,82,77,39,62,48,74,25,0
2024-06-30,100,52,88,82,100,65,69,88,58,41,44,100,68,78,98,64,47,23,58,54,86,96,75,63,77,100,46,100,71,55,50,0,77,31,31,90,94,90,22,60,37,42,49,50,81,72,0,37,88,82,84,93,65,91,74,73,62,49,73,58,61,37,7,82,75,16,99,100,45,21,0,39,59,68,6,47,56,26,44,36,47,69,78,17,92,70,73,79,77,46,73,53,72,51,0,28,88,87,13,88,95,85,30,60,92,69,65,77,76,31,89,0,87,0,0,53,86,77,24,0,56,94,88,0,36,100,59,69,0,75,92,0,62,65,36,62,82,0,79,0,77,31,68,0,58,0,86,42,41,51,37,71,72,0,67,0,53,47,83,54,46,0,70,45,50,0,37,0,59,0,27,0,36,0,71,81,60,67,70,54,0,0,62,85,19,0,31,90,83,100,71,84,0,0,95,100,0,74,37,71,0,0,92,60,0,79,62,60,0,50,59,0,46,81,0,53,0,60,97,60,67,43,33,0,0,41,0,54,55,99,0,100,75,0,85,72,84,0,0,32,0,0,81,47,0,90,61,44,0,75,82,100,48,61,0,42,84,0,46,62,63,31,79,88,69,75,0,59,0,0,92,37,87,97,59,100,88,74,66,43,81,19,0
2024-07-07,87,51,83,81,87,62,0,88,61,47,73,97,72,91,99,68,36,32,30,61,91,96,85,61,77,74,45,81,74,51,82,0,87,26,34,93,90,71,21,82,33,34,48,50,68,59,0,33,78,86,88,93,78,88,74,68,85,54,56,0,75,49,8,80,81,45,79,82,37,0,0,45,44,68,4,41,63,25,42,51,47,50,84,19,100,77,60,78,92,70,0,64,82,43,53,29,88,86,14,93,100,83,39,57,89,77,52,60,71,32,90,0,100,25,0,83,92,100,29,0,72,68,89,0,27,55,74,67,0,81,81,47,60,84,67,72,86,0,75,0,73,34,79,0,91,0,83,47,68,51,40,76,75,65,58,0,56,48,82,49,67,0,67,75,67,0,34,0,49,0,100,0,59,100,69,96,72,35,55,59,0,0,91,84,19,0,28,95,87,79,70,49,56,0,91,84,78,96,34,78,0,0,84,56,0,80,0,59,0,100,61,0,60,78,0,50,0,78,100,67,86,75,37,0,0,42,0,69,79,100,0,93,76,0,90,73,74,0,52,64,100,0,78,45,0,72,85,38,0,69,63,93,59,60,0,0,77,0,46,100,67,50,65,73,84,67,0,64,0,0,78,52,55,84,51,88,64,100,67,47,81,17,0
2024-07-14,82,48,82,81,82,64,75,85,64,40,69,90,47,81,91,74,31,32,44,64,84,91,100,71,79,67,100,76,63,49,64,88,89,25,30,87,85,72,9,67,35,36,51,59,73,56,0,33,68,100,84,100,80,91,70,68,70,58,53,62,69,67,8,84,76,42,77,78,34,34,0,40,55,67,3,44,85,27,45,39,36,46,80,17,96,75,46,75,84,62,0,57,86,45,76,28,91,68,9,90,90,77,37,56,83,91,69,60,69,28,85,74,79,19,0,93,98,81,34,0,71,71,99,0,27,18,77,67,0,71,78,0,54,76,67,66,84,70,91,0,75,28,65,0,84,0,77,67,55,48,55,67,66,77,48,0,48,52,85,60,58,0,56,49,59,0,34,0,47,0,86,0,70,0,66,89,69,48,61,57,0,0,50,79,20,0,26,97,78,76,70,56,0,0,78,84,100,70,36,71,0,0,85,55,0,71,63,72,0,52,61,0,52,74,44,55,0,71,67,62,70,58,40,71,0,45,0,34,73,93,0,91,81,0,87,64,60,0,0,52,0,0,84,54,0,72,75,0,0,66,76,70,58,64,0,0,75,0,51,71,70,38,56,63,78,64,0,71,0,0,74,47,50,84,50,81,63,55,65,60,81,20,0
2024-07-21,80,45,81,74,79,59,0,86,67,50,71,92,75,95,87,74,35,38,66,86,95,99,85,61,74,72,65,81,77,48,80,53,90,25,30,95,93,71,34,66,33,36,45,54,70,33,0,40,55,90,89,90,86,92,72,65,63,76,47,92,85,77,8,90,74,36,75,86,44,34,0,47,64,70,4,46,73,30,50,55,39,32,85,20,90,69,81,69,88,82,0,57,88,49,0,34,92,82,10,91,92,78,41,61,85,73,68,56,73,32,87,0,71,26,0,90,86,80,30,0,52,76,86,0,27,29,72,64,0,69,90,52,57,83,45,64,73,0,56,0,78,27,68,0,90,0,80,92,47,46,49,63,71,91,53,0,69,52,87,70,59,0,56,42,55,0,39,0,47,0,59,0,71,0,75,88,99,51,54,65,0,0,0,88,18,0,31,98,76,83,71,47,75,0,76,95,0,73,36,68,0,64,82,65,0,79,0,71,0,47,68,0,60,94,48,78,0,75,79,75,77,61,26,0,0,43,0,60,63,92,0,86,81,0,98,70,64,0,0,65,0,0,79,68,0,69,61,39,0,63,92,76,51,67,0,48,76,0,81,63,83,44,52,43,65,65,0,61,0,0,70,58,58,86,49,84,57,58,72,48,75,16,0
2024-07-28,79,46,78,83,73,62,0,88,76,58,77,84,37,88,89,72,44,33,54,74,91,96,78,68,71,66,48,81,63,49,73,50,89,26,28,86,87,72,24,84,38,40,45,43,71,43,0,39,61,86,87,93,86,92,100,67,60,76,49,74,88,69,8,78,100,31,72,84,40,0,0,45,47,71,4,46,62,29,39,46,22,72,88,19,86,85,59,81,90,100,0,60,81,46,71,28,93,59,11,84,93,84,31,62,82,76,83,54,82,33,91,74,80,38,0,100,77,75,35,0,50,74,96,0,26,18,57,65,0,69,100,0,58,87,80,64,74,0,77,0,91,23,67,0,69,0,78,68,34,46,51,60,68,59,67,0,69,57,75,89,57,0,72,51,60,0,0,0,52,0,38,0,62,0,74,84,100,49,51,69,0,0,0,100,16,0,34,90,90,81,74,58,61,0,85,92,76,69,40,65,0,0,82,100,0,80,0,61,0,77,67,0,52,82,57,74,0,80,76,73,82,57,34,100,87,48,0,62,66,99,0,91,85,0,100,58,68,0,50,44,0,0,79,95,0,67,73,77,0,63,59,58,58,67,0,40,77,0,68,62,90,45,56,70,69,66,0,65,0,0,66,46,68,82,50,98,56,76,71,42,69,17,0
2024-08-04,73,50,82,80,76,61,0,87,75,53,61,90,74,82,85,65,41,49,72,59,88,93,75,97,68,64,45,80,63,49,74,0,84,27,31,95,85,69,10,83,36,44,46,44,70,37,0,40,55,84,86,85,88,91,67,72,82,65,48,100,83,84,7,75,77,28,76,86,45,0,0,48,42,74,4,45,73,30,37,63,30,67,85,14,82,74,51,75,84,68,60,58,81,46,45,26,94,62,15,87,85,75,37,59,84,74,74,63,75,37,91,0,78,35,90,86,86,67,31,0,61,86,88,0,27,0,61,62,0,77,99,0,63,74,76,62,70,0,72,0,74,22,55,0,67,0,76,50,58,45,38,60,69,87,63,0,65,60,92,96,60,0,71,46,58,0,0,0,54,0,39,0,67,92,62,88,90,62,45,66,0,0,0,94,18,0,34,90,71,84,73,50,0,0,69,94,0,89,38,92,0,62,85,63,0,84,0,56,0,50,68,0,65,75,0,51,0,83,66,75,69,100,46,59,0,49,0,63,66,86,0,89,83,0,92,49,67,0,0,42,0,0,75,100,0,64,81,74,0,55,66,52,51,70,0,39,81,0,56,61,91,35,49,36,70,77,0,58,0,0,65,62,48,82,47,82,50,36,65,38,71,31,0
2024-08-11,76,75,79,86,75,67,0,83,72,58,55,91,96,83,85,77,40,43,47,43,93,95,73,74,76,66,45,77,72,57,86,0,84,27,41,96,100,71,17,71,68,43,46,54,68,42,0,39,47,89,95,90,83,94,67,79,63,57,45,51,83,36,8,80,70,46,71,91,41,15,0,44,37,71,4,44,47,34,39,48,51,56,100,20,85,65,46,80,93,53,0,55,93,49,0,29,94,85,11,87,95,76,37,62,84,80,90,49,77,38,87,0,75,34,0,77,90,70,34,0,50,78,85,0,28,0,54,64,0,70,93,0,65,82,62,63,75,0,77,0,74,22,90,0,72,0,74,44,50,45,43,59,70,73,68,0,51,53,82,83,64,0,73,56,74,0,43,0,57,0,37,0,64,0,74,87,54,73,50,65,0,0,77,85,18,0,32,94,76,77,74,48,0,0,76,98,0,76,41,75,0,0,91,60,44,73,67,66,0,41,73,0,63,77,45,68,0,97,59,82,68,0,42,0,0,47,0,74,62,95,0,92,92,0,91,63,66,0,0,37,0,0,82,87,0,63,89,43,0,72,71,48,49,73,91,0,81,0,55,62,84,50,51,38,79,79,0,61,0,0,70,43,49,80,54,82,48,52,62,39,69,21,0
2024-08-18,76,60,77,100,72,81,61,84,69,74,55,90,43,84,81,100,38,36,87,36,100,100,85,74,74,64,40,73,71,50,100,0,91,27,48,91,100,69,16,64,40,42,46,46,70,51,0,39,41,83,100,98,85,95,65,73,73,53,49,48,58,38,8,71,70,27,76,90,59,25,0,45,64,73,3,44,69,37,42,37,91,46,85,23,87,71,41,70,89,70,0,50,84,47,0,31,92,58,15,85,90,78,31,64,87,73,70,68,75,37,88,74,85,17,0,47,84,63,58,100,60,71,88,0,26,0,63,64,0,67,93,57,59,76,60,63,68,0,61,0,71,31,0,0,64,0,79,61,40,43,40,56,70,63,76,0,57,51,87,78,82,0,58,34,78,0,0,0,60,0,38,0,58,0,72,88,56,0,50,61,0,0,81,86,20,0,34,96,72,82,73,51,0,0,64,91,68,76,37,100,0,0,98,60,0,100,0,58,0,41,82,0,43,98,0,70,0,82,56,81,84,49,50,62,0,52,0,50,52,88,0,92,91,0,87,66,76,0,0,51,0,0,81,62,0,61,66,52,0,62,68,43,48,70,0,61,83,0,59,32,73,33,57,58,63,81,0,66,0,0,68,57,68,83,70,76,47,58,63,42,72,19,0
2024-08-25,77,49,76,82,76,71,0,81,61,49,56,87,60,83,77,74,32,31,79,58,88,99,75,64,78,66,38,68,64,60,81,47,88,27,60,93,85,67,17,70,49,40,47,36,63,42,0,40,43,83,87,89,78,88,67,69,88,53,42,79,70,50,8,68,70,33,72,85,49,17,0,47,61,70,4,43,73,34,44,57,72,54,86,21,80,63,44,64,87,61,61,46,81,43,0,31,85,58,10,83,92,73,58,63,86,80,64,59,77,39,87,0,75,22,0,65,93,61,42,0,63,64,88,0,26,18,69,62,0,70,76,0,55,81,84,64,75,0,69,0,67,47,0,0,77,0,91,53,52,48,51,78,69,0,76,0,59,45,100,65,77,0,61,29,74,76,0,0,57,0,28,0,41,0,83,76,59,36,54,60,0,0,95,88,21,0,34,92,80,84,68,53,0,0,64,85,80,67,35,71,0,100,92,56,48,85,0,64,0,47,100,0,67,81,53,62,0,75,53,61,76,56,28,0,93,50,0,68,88,93,0,84,84,0,89,52,87,0,0,52,0,0,88,48,0,57,90,47,0,50,78,47,50,66,0,0,79,0,62,64,67,62,50,66,61,100,0,70,0,0,66,36,50,84,100,76,45,63,58,39,68,11,0
2024-09-01,82,48,78,85,79,63,0,81,58,44,77,89,69,83,69,77,32,31,76,46,85,95,77,64,72,68,40,69,69,66,78,67,80,32,58,100,81,70,23,59,82,36,48,41,71,27,0,42,42,79,85,86,76,88,67,71,73,52,57,79,64,70,8,68,59,26,73,87,45,0,0,47,59,72,4,45,65,36,43,52,40,55,84,19,77,72,65,60,85,60,0,45,68,46,59,32,80,69,0,83,89,65,37,61,85,73,53,53,75,36,86,72,86,28,0,58,95,62,30,0,62,72,90,0,28,0,82,64,0,63,74,0,56,86,52,62,67,0,72,0,72,54,48,0,74,0,84,86,21,58,61,69,66,0,81,0,60,42,100,50,71,0,63,51,72,0,47,0,61,0,21,0,49,0,75,84,53,0,56,59,0,0,58,84,23,0,36,87,83,84,72,61,0,0,68,91,81,69,38,56,0,0,85,60,0,65,0,62,0,54,88,0,55,83,0,61,0,74,56,63,57,58,34,0,68,44,0,60,64,87,0,89,92,0,87,56,91,0,45,61,0,0,74,43,0,59,78,53,0,51,84,43,45,66,0,0,86,0,70,52,68,51,52,100,64,92,0,66,0,0,71,33,33,72,95,77,46,67,60,39,82,17,0
2024-09-08,68,51,75,84,67,63,0,79,52,47,68,84,50,80,67,73,30,33,68,49,82,86,73,75,70,63,40,67,63,60,78,58,85,29,59,96,81,64,23,85,92,36,45,44,73,40,0,39,31,81,91,87,86,81,67,53,82,63,40,0,87,49,8,60,71,33,67,77,45,0,0,72,44,68,8,41,58,31,40,36,45,60,86,20,72,63,58,63,88,56,0,39,88,45,39,32,80,70,8,81,84,65,35,60,75,78,68,67,64,34,82,0,77,21,0,66,80,65,35,0,78,73,77,72,26,0,95,57,0,62,68,0,49,74,69,65,60,0,59,0,65,70,0,0,77,0,100,61,35,46,55,62,69,0,59,0,53,40,88,42,76,0,68,47,74,0,0,0,56,0,31,0,59,0,100,81,57,42,43,50,0,0,0,80,29,0,32,83,70,85,69,50,0,0,60,76,98,66,35,52,0,0,85,58,61,84,0,65,0,54,83,0,52,77,47,54,0,78,37,71,81,0,31,0,0,85,0,67,75,74,0,86,93,0,79,45,71,0,0,44,0,0,74,45,0,56,75,53,0,53,32,27,45,68,0,0,86,0,49,54,56,27,47,85,59,71,0,92,0,0,62,48,51,71,100,77,37,49,63,37,74,13,0
2024-09-15,70,62,75,78,65,62,0,81,56,53,84,80,73,85,70,74,30,36,100,65,85,91,82,74,75,60,56,65,75,55,73,67,87,28,53,91,81,63,36,74,77,37,42,41,66,37,0,38,30,76,94,87,80,79,68,49,79,57,40,0,76,42,8,62,63,51,66,74,47,0,0,58,33,69,9,42,59,30,40,52,52,57,84,19,74,60,49,86,81,64,0,39,79,49,0,34,84,60,0,80,86,68,39,62,74,79,77,47,64,32,100,0,81,25,0,46,75,74,30,0,58,66,75,0,26,18,79,55,0,60,66,41,50,62,42,67,57,0,87,0,69,68,60,0,90,0,80,63,27,47,63,48,71,100,61,0,58,42,74,39,78,0,49,41,77,0,42,0,57,0,26,0,66,0,82,78,74,57,40,47,0,0,0,81,26,0,35,90,87,75,68,60,62,0,56,80,68,67,35,72,0,0,89,57,76,77,0,74,0,59,92,0,56,76,84,62,0,74,28,70,60,0,50,0,0,45,0,66,74,85,0,88,100,0,75,46,71,0,0,45,0,0,75,43,0,60,63,43,0,97,72,21,48,68,0,46,93,0,49,51,57,50,51,44,65,61,0,86,0,0,60,45,100,73,89,71,39,52,70,37,99,11,0
2024-09-22,67,53,76,78,65,57,0,83,56,52,61,77,86,76,71,75,31,31,80,57,76,88,73,65,65,61,45,60,61,45,93,45,85,27,53,88,85,77,19,66,70,34,40,60,68,33,0,38,28,82,89,78,100,75,66,42,71,53,37,59,60,53,8,57,69,27,64,73,57,17,0,43,51,65,8,40,47,29,37,47,51,45,81,29,77,66,68,74,80,44,0,39,87,46,42,31,79,55,0,77,80,64,66,65,77,89,65,100,65,33,86,0,69,23,0,53,100,60,32,0,63,64,83,0,27,0,63,52,0,62,64,42,47,69,65,64,53,0,58,65,71,71,46,0,57,0,73,0,50,44,60,47,70,73,63,0,56,39,76,37,70,0,63,33,78,0,40,0,52,0,25,0,55,0,90,76,61,0,40,45,0,0,54,84,29,0,32,80,80,68,68,59,78,0,54,80,0,68,37,51,0,46,76,58,86,79,0,68,0,59,80,0,59,92,40,53,0,78,31,75,66,42,50,0,0,48,0,54,64,76,0,84,97,0,77,51,68,0,0,56,0,0,75,39,0,59,58,0,0,65,55,27,41,60,0,0,83,0,62,73,54,62,45,39,67,58,0,90,0,0,59,50,61,63,84,74,33,52,65,42,67,21,0
2024-09-29,68,52,75,81,69,60,0,82,56,52,69,77,0,78,70,81,30,34,67,62,78,86,69,64,63,62,38,60,59,46,69,65,77,29,50,94,79,80,25,67,68,31,40,47,66,69,0,39,27,85,87,92,84,76,62,43,76,50,39,0,67,61,9,60,63,29,71,72,59,0,0,48,36,67,4,40,61,29,42,60,53,46,80,27,78,72,43,66,75,45,0,43,87,53,0,31,78,68,14,87,82,67,35,66,78,77,79,49,74,30,84,100,74,29,60,55,85,64,32,0,75,57,88,0,27,20,72,53,0,58,62,100,47,65,64,62,51,0,91,0,69,66,0,0,68,0,69,54,34,52,64,46,65,82,65,0,49,46,85,36,80,0,65,30,79,0,43,0,52,0,39,0,53,0,78,79,56,62,40,45,0,0,0,84,24,0,32,84,93,72,70,66,0,0,53,79,77,66,35,78,0,61,79,56,55,79,0,58,0,68,70,0,43,75,49,83,0,77,24,63,70,53,42,0,67,36,0,55,61,82,0,80,91,0,84,41,71,0,68,35,0,0,78,41,0,58,100,70,0,64,54,23,100,64,0,0,78,0,49,61,54,46,49,42,60,58,0,86,80,0,62,59,39,69,73,74,35,51,63,38,65,17,0
2024-10-06,74,52,75,78,69,58,0,82,54,46,57,80,62,81,66,71,30,33,69,75,74,87,67,66,62,61,37,62,59,47,84,51,84,29,46,80,75,79,19,68,61,31,42,50,68,44,0,39,26,79,80,77,72,74,62,43,77,49,40,99,66,47,11,53,69,34,63,69,64,0,0,50,64,63,3,40,59,31,40,51,43,55,84,22,78,70,37,62,77,53,0,41,88,47,48,29,81,54,0,84,90,65,43,68,82,78,67,49,76,31,82,0,68,20,0,43,85,57,32,0,50,59,94,0,26,27,78,57,0,62,59,0,44,68,77,59,54,0,68,72,65,74,68,0,63,0,73,0,49,100,53,42,64,52,57,0,52,39,77,37,64,0,55,29,63,0,0,0,49,0,25,0,51,0,76,78,69,82,48,46,0,0,64,79,29,0,35,78,83,72,69,70,99,0,57,78,0,57,37,67,0,0,78,55,54,76,0,49,0,72,60,0,56,72,55,62,0,69,25,73,61,42,42,0,0,54,0,60,50,81,0,80,78,0,76,40,62,0,0,45,0,0,72,37,0,58,73,0,0,64,46,13,73,62,0,0,79,0,50,66,53,52,50,57,62,60,0,87,0,0,61,55,43,69,71,74,33,35,59,80,63,17,0
2024-10-13,68,52,72,79,64,57,0,81,57,54,55,75,52,66,65,73,32,38,48,54,78,86,59,78,61,60,36,61,72,50,69,57,90,30,43,85,79,67,20,60,62,36,40,55,61,36,0,43,25,79,85,83,73,77,60,48,44,54,39,0,71,39,12,57,59,35,61,68,59,20,0,44,58,63,3,44,33,41,37,53,51,54,80,22,73,54,34,62,83,68,52,41,80,47,0,32,74,56,15,75,85,62,31,69,76,72,74,51,66,35,84,0,70,43,0,51,83,59,44,0,62,65,86,0,27,28,76,54,0,63,57,0,46,79,47,64,53,0,52,84,70,71,0,0,63,0,70,89,43,66,61,100,67,0,54,0,63,42,78,37,68,0,64,32,73,0,100,0,51,0,28,79,71,0,72,76,59,36,57,52,0,0,0,79,23,0,39,78,71,67,72,54,69,0,52,83,0,54,39,76,0,0,75,57,42,65,0,47,0,62,58,0,48,75,55,61,0,70,33,73,58,42,37,0,0,29,0,43,55,81,0,74,82,0,68,50,66,0,0,33,0,0,74,44,0,57,57,37,0,56,57,19,70,62,0,0,75,0,46,69,54,44,50,51,68,67,0,78,0,0,61,44,46,67,69,69,32,51,64,100,60,12,0
2024-10-20,66,100,74,78,64,59,0,80,55,47,55,76,77,71,62,82,31,48,62,54,76,82,74,75,64,56,37,60,66,46,81,61,88,31,47,90,100,64,37,75,76,37,43,50,64,42,0,41,25,78,81,80,72,75,59,49,66,63,36,0,90,33,9,58,49,25,58,68,47,18,0,100,25,65,5,41,42,33,40,65,37,41,83,24,68,75,48,60,85,60,0,40,78,44,89,32,78,65,12,78,84,67,47,68,82,89,81,68,67,75,85,0,71,30,0,66,73,68,42,0,68,52,83,0,29,23,74,53,0,58,59,0,46,66,57,62,54,0,69,0,63,79,73,0,65,0,74,81,52,54,61,45,69,53,56,0,55,42,75,36,74,0,52,23,79,0,53,0,46,0,59,0,52,0,93,78,56,0,46,46,0,0,53,93,27,0,34,81,81,87,70,53,75,0,54,78,0,69,37,80,0,85,72,57,0,65,0,47,0,51,55,0,45,93,0,73,0,72,29,76,74,70,47,0,74,42,0,76,62,79,0,78,80,0,69,44,63,0,0,53,0,0,79,36,0,58,57,45,0,61,66,20,67,67,0,0,81,0,41,59,51,31,56,42,64,59,0,86,0,0,64,47,37,67,72,66,30,29,62,64,60,11,0
2024-10-27,66,56,69,77,65,61,0,85,53,43,64,71,73,79,58,73,30,38,78,51,83,84,64,63,59,58,30,57,73,46,77,62,87,33,43,84,78,72,23,88,66,32,39,43,63,28,0,39,23,77,77,77,69,74,61,49,48,60,35,55,78,49,17,56,57,53,58,74,46,16,0,49,31,64,8,45,53,39,40,87,52,56,76,21,64,79,37,54,75,41,71,35,78,44,71,37,73,57,0,73,79,63,34,66,74,88,63,73,70,32,81,0,71,43,0,56,65,59,29,0,57,48,86,0,30,0,67,51,0,58,54,43,42,61,56,62,52,0,64,77,62,81,0,0,81,0,70,57,39,51,54,38,62,55,52,0,55,37,73,36,56,0,52,39,68,0,62,0,45,0,41,0,53,0,87,77,43,52,49,42,0,0,51,73,26,0,31,83,77,67,66,58,78,0,48,77,0,67,38,65,0,54,62,59,49,64,57,59,0,53,46,0,50,73,55,72,0,82,20,65,76,0,37,0,85,56,0,46,39,75,0,65,72,0,74,38,72,0,0,50,0,0,80,34,0,60,46,0,0,44,77,14,50,70,0,0,95,0,40,65,54,35,51,44,69,58,0,75,0,0,58,36,30,64,65,62,22,0,59,50,60,14,0
2024-11-03,68,48,63,77,62,74,0,76,55,34,61,68,45,73,56,67,26,39,84,59,71,78,56,87,56,52,30,52,55,49,69,0,78,37,41,83,71,57,29,56,56,33,42,41,64,51,0,41,22,71,64,71,67,65,58,48,56,48,35,56,63,59,17,54,51,31,62,66,42,0,0,46,48,68,6,45,62,40,39,52,51,63,77,23,62,51,51,51,76,61,0,36,61,46,58,40,67,54,0,74,73,60,37,63,78,69,71,43,69,33,75,79,59,24,0,93,78,60,39,0,51,52,72,0,31,26,53,44,0,56,48,59,43,68,41,62,51,0,73,0,62,73,89,0,50,0,67,64,47,40,57,35,61,60,68,0,59,50,76,34,65,0,73,40,63,0,47,0,47,0,27,0,69,61,75,73,64,44,45,52,0,0,49,70,26,0,33,87,86,65,59,48,0,0,45,71,0,59,41,50,0,86,69,55,56,67,0,56,0,46,50,0,44,67,59,53,0,74,21,76,66,40,33,56,66,44,0,56,48,77,0,56,63,0,69,35,70,0,0,42,0,0,70,35,0,49,59,33,0,66,55,17,56,56,0,43,80,0,41,76,59,37,47,39,61,59,0,70,0,0,61,51,37,62,59,53,23,34,58,50,53,9,0
2024-11-10,72,49,70,81,69,85,60,80,70,33,45,69,57,81,62,90,31,34,71,79,78,85,62,72,69,55,35,57,67,56,76,0,84,47,47,94,81,63,35,71,100,35,51,49,84,59,0,51,23,79,81,75,71,72,58,55,100,55,45,0,62,44,14,61,50,42,74,76,65,16,0,41,41,75,7,50,54,48,100,55,100,57,84,30,68,64,45,59,79,73,0,52,77,52,48,41,74,62,8,78,78,56,36,72,85,78,82,51,86,42,76,0,59,46,0,48,68,63,34,0,54,55,88,0,37,31,71,54,0,57,52,45,51,78,64,70,66,0,91,0,68,77,56,0,70,0,70,71,66,43,65,39,74,0,76,0,72,53,65,45,73,0,71,49,100,0,0,0,54,0,31,0,53,0,87,81,61,54,54,64,0,0,0,78,26,0,42,88,82,82,70,59,62,0,49,75,0,60,51,69,0,82,68,60,53,65,0,78,0,59,58,0,54,77,69,58,0,77,20,84,65,58,57,0,81,40,0,45,48,76,0,62,68,0,70,40,82,0,0,58,0,0,73,36,0,61,63,48,0,65,100,14,64,63,0,0,84,0,41,60,64,45,55,97,72,79,0,87,0,0,68,50,54,65,78,65,24,51,67,55,62,28,0
2024-11-17,74,50,75,100,72,62,0,84,73,35,53,72,47,81,58,80,34,39,61,63,73,89,53,78,78,59,37,58,70,58,76,58,84,64,48,86,81,57,48,65,63,37,60,43,66,52,0,58,23,81,76,80,71,72,56,60,57,58,41,63,59,48,13,64,50,17,78,70,86,15,0,36,100,82,7,51,62,54,54,52,64,63,91,28,65,57,42,71,77,54,0,50,71,58,65,39,75,64,0,82,75,79,40,72,82,85,63,41,85,44,75,76,62,31,0,67,75,60,74,0,54,63,80,0,46,17,88,52,0,63,49,50,54,85,64,75,70,0,44,90,70,83,58,0,50,0,71,96,74,41,65,41,73,53,71,0,80,59,63,46,74,0,87,47,76,0,53,0,55,0,41,0,51,0,84,73,60,60,69,64,0,0,76,80,30,0,42,87,97,73,77,65,64,0,62,79,59,65,56,66,0,73,73,63,58,68,52,60,0,67,62,0,62,88,0,57,0,73,19,81,50,72,35,73,60,49,0,57,56,76,0,57,63,0,74,32,86,0,0,56,0,0,75,43,0,58,40,39,0,55,79,9,62,70,0,0,85,0,45,79,67,59,47,37,81,71,0,85,0,0,72,50,70,64,63,67,25,41,73,62,71,39,0
2024-11-24,95,57,69,86,97,80,0,78,100,37,55,74,0,57,55,78,78,31,53,100,72,96,58,60,100,87,43,59,61,100,46,0,92,100,38,88,71,70,47,45,65,89,100,33,75,58,0,100,22,71,70,66,48,66,52,90,51,100,55,0,53,93,11,75,61,31,98,67,91,0,0,38,72,90,9,72,66,81,51,51,28,46,83,27,52,60,39,100,62,46,0,100,54,98,50,29,72,60,0,75,82,66,30,100,100,78,47,46,100,100,75,0,48,38,0,28,61,60,53,0,54,98,84,0,100,18,67,51,0,58,54,67,100,69,0,66,98,0,44,0,79,47,0,0,49,0,79,0,54,46,40,40,78,0,100,0,100,100,58,77,37,0,100,39,43,0,54,0,81,0,37,0,31,0,64,53,39,0,100,100,0,0,0,71,21,0,57,74,86,57,100,70,0,0,42,86,0,55,100,70,0,0,72,63,0,70,60,82,0,60,93,100,44,83,55,43,0,52,15,94,71,43,28,0,82,50,0,63,84,66,0,70,58,0,94,29,98,0,0,38,0,0,65,61,0,69,30,0,0,52,87,11,50,80,0,0,86,0,53,58,100,45,68,54,100,83,0,64,0,0,81,54,31,67,51,85,23,48,96,89,86,17,0
2024-12-01,74,47,78,98,74,60,0,82,88,39,59,73,0,76,60,79,33,39,84,84,69,94,57,76,82,67,39,61,61,71,73,0,90,84,53,96,88,56,100,59,57,34,68,44,56,39,0,80,21,88,76,70,67,68,55,82,72,80,43,57,56,65,14,68,54,41,59,63,93,0,0,45,57,100,4,62,37,100,53,51,52,48,83,32,65,58,45,83,79,47,0,72,79,78,72,36,77,69,12,86,76,75,55,92,85,86,76,38,81,58,73,0,62,52,64,43,75,68,64,0,79,78,89,0,59,18,60,50,0,64,50,0,74,73,89,69,100,0,53,80,61,84,53,0,64,0,73,58,70,41,55,38,65,57,63,0,96,78,60,66,81,0,94,37,75,0,63,0,76,0,40,0,43,0,76,69,60,58,79,92,0,0,47,76,28,0,51,75,73,68,84,58,56,0,38,77,0,57,75,73,0,0,71,60,51,63,55,81,0,74,70,0,68,82,0,53,0,80,16,79,75,63,34,0,0,69,0,57,81,82,0,61,61,0,73,21,74,0,0,38,0,0,74,48,0,56,79,56,0,60,66,10,56,82,0,0,85,0,53,96,85,34,44,47,89,70,0,86,0,0,77,44,58,63,73,71,21,42,90,64,76,17,0
2024-12-08,65,63,73,90,63,64,0,84,83,37,60,66,44,62,57,78,35,31,72,82,72,93,60,71,69,62,39,55,59,71,58,45,86,79,51,91,74,57,95,64,47,41,55,46,62,56,0,60,21,82,79,68,60,70,57,82,77,63,38,45,57,46,13,56,54,46,55,61,100,17,0,56,41,96,3,72,73,79,49,48,56,58,78,31,61,61,51,76,80,52,92,51,75,81,0,37,79,64,11,83,75,68,38,79,78,90,86,31,66,48,76,0,64,53,0,50,56,58,52,0,49,79,78,0,56,0,68,49,0,61,50,0,69,73,72,72,97,0,71,0,70,100,47,0,58,0,70,46,82,39,58,38,66,73,57,0,78,54,62,77,66,0,93,40,78,0,40,0,76,0,40,100,39,83,75,71,61,52,66,75,0,0,61,74,28,0,39,73,84,71,86,53,0,0,41,84,73,58,70,64,0,0,65,58,68,64,0,85,0,47,64,0,59,79,0,50,0,77,15,72,59,37,52,0,0,65,0,58,71,78,0,63,61,0,73,32,62,0,0,35,0,0,78,49,0,54,55,0,0,71,55,12,60,86,0,54,83,0,51,62,82,38,51,57,83,65,0,98,95,0,62,55,54,67,75,65,18,0,91,54,67,15,0
2024-12-15,63,44,72,93,64,68,0,87,85,38,44,68,37,60,59,63,41,38,67,55,69,94,52,68,69,66,60,56,65,77,67,0,87,92,45,89,77,61,71,77,53,50,64,36,70,54,0,64,24,79,73,71,61,72,61,90,69,58,43,0,70,63,13,57,49,39,64,59,87,21,0,38,74,80,2,100,54,84,48,39,33,37,78,33,60,54,44,75,81,33,0,50,91,91,39,36,80,58,9,82,83,94,38,69,81,77,81,56,61,46,78,96,61,37,0,58,55,56,58,0,67,100,82,0,63,0,79,69,0,60,53,0,64,80,52,63,100,100,69,0,78,43,92,0,48,0,74,61,74,40,43,42,71,0,62,0,79,58,67,96,58,0,80,38,68,0,61,0,86,0,42,0,49,0,75,65,60,59,68,67,0,0,0,78,21,0,38,80,75,93,86,52,0,0,39,83,77,53,73,96,0,74,60,60,59,55,57,86,100,41,56,0,92,83,0,57,0,69,14,78,64,79,31,0,76,47,0,49,58,68,0,66,60,0,72,36,58,0,0,35,0,0,86,55,0,53,38,0,0,55,48,11,73,96,0,0,82,0,64,73,86,31,48,51,87,60,0,83,80,0,53,54,47,81,41,81,20,60,98,51,86,12,0
2024-12-22,69,67,72,83,71,100,0,94,81,40,66,77,0,68,65,50,85,25,41,60,75,93,40,66,98,83,59,64,66,98,40,49,75,91,34,87,79,100,57,37,61,100,77,34,96,45,0,69,23,76,75,65,46,75,69,100,85,65,68,0,53,70,12,77,55,38,100,57,68,0,0,26,66,70,2,84,0,79,48,31,0,45,61,39,67,52,53,68,64,32,0,61,54,100,0,23,79,45,0,81,78,86,27,64,92,74,53,0,73,48,76,0,56,24,0,44,61,60,36,0,37,94,76,100,60,0,44,100,0,65,56,0,69,67,36,66,99,0,54,0,98,10,0,0,45,0,81,57,84,49,18,41,85,0,69,0,63,58,79,100,39,0,84,34,31,0,94,0,100,0,49,0,27,0,45,51,27,0,86,62,0,0,0,78,15,0,29,75,72,39,88,100,0,0,54,99,0,62,67,59,0,0,70,62,61,77,75,100,0,40,58,0,100,93,0,47,0,42,14,87,64,66,33,0,100,26,0,27,67,72,0,87,68,0,75,26,71,0,0,26,0,0,71,52,0,100,32,0,0,43,71,20,52,100,0,52,78,0,74,37,93,50,100,48,92,66,0,72,0,0,52,0,0,68,24,92,17,0,100,62,100,14,0
2024-12-29,71,51,76,84,73,73,0,100,61,40,53,76,39,82,78,53,43,28,0,40,91,97,66,60,96,70,54,72,75,69,38,87,79,53,38,95,85,84,30,43,60,46,57,49,100,31,0,56,25,83,90,71,55,87,75,56,70,55,87,0,68,54,17,54,48,27,81,74,44,19,0,32,41,66,3,44,83,44,46,38,21,55,73,90,87,63,100,46,77,33,0,53,72,66,0,25,83,57,11,95,91,83,28,61,94,70,62,0,87,39,79,0,62,22,0,50,72,74,41,0,83,63,86,0,36,0,52,90,0,100,54,0,46,81,0,70,66,0,83,0,100,14,0,0,43,0,76,50,49,46,24,42,100,0,83,0,65,48,61,56,56,0,79,30,51,0,50,0,84,0,46,0,39,0,62,69,32,83,67,60,0,0,0,85,18,0,58,89,74,71,74,70,0,0,62,96,0,67,49,69,0,0,85,61,0,83,100,59,0,47,43,0,90,91,0,58,0,83,16,100,43,81,44,0,0,33,0,39,66,79,100,82,80,0,82,37,100,0,55,47,0,0,79,34,0,68,0,0,0,63,93,12,49,77,0,0,83,0,81,52,70,34,64,39,76,73,0,66,0,0,54,52,74,73,29,80,25,35,73,62,95,17,0
2025-01-05,61,44,82,78,60,59,0,89,55,36,80,66,77,100,81,63,34,31,61,44,85,92,71,64,73,68,44,72,95,46,80,47,86,39,48,98,70,58,31,67,57,34,43,44,64,41,0,45,24,85,92,68,82,73,57,50,77,49,62,0,59,47,25,62,47,36,72,67,37,0,0,42,69,65,3,33,92,29,39,47,29,37,76,100,88,66,74,36,83,51,62,41,96,44,45,31,76,64,9,76,71,60,36,60,83,80,73,33,75,29,82,0,71,32,0,63,83,77,50,0,49,44,85,0,29,0,81,62,0,82,46,52,34,93,50,71,55,0,100,65,68,35,67,0,69,0,76,52,69,37,51,39,90,60,75,0,66,39,73,40,85,0,51,41,70,0,38,0,52,0,85,0,53,0,70,77,62,42,51,50,0,0,0,94,24,0,100,92,98,72,60,50,0,0,44,72,72,60,33,57,0,0,74,62,47,75,53,50,0,51,53,0,69,90,45,58,0,100,20,88,59,57,100,0,0,47,0,49,75,73,0,63,81,0,80,39,81,0,0,52,0,0,70,28,0,53,71,0,0,69,55,16,46,65,0,0,79,0,100,71,51,54,44,37,73,77,0,72,0,0,48,59,58,61,47,65,19,40,60,50,73,56,0
2025-01-12,58,43,84,78,58,60,0,91,53,49,70,64,44,75,78,72,31,39,68,61,79,87,85,76,69,58,43,69,87,44,72,77,81,34,52,92,85,62,60,61,69,30,43,34,70,48,0,40,26,79,90,71,82,77,59,43,84,51,60,45,81,43,42,88,52,37,64,73,47,23,0,31,35,65,3,34,57,25,48,49,47,77,84,52,85,79,100,33,84,83,51,40,96,45,41,34,78,69,11,88,85,67,39,60,84,79,77,82,77,30,80,58,72,38,0,69,94,80,48,0,100,47,79,0,29,0,66,60,0,74,47,42,32,84,54,74,54,0,78,75,71,55,64,0,50,0,75,64,54,35,52,40,82,54,73,0,56,40,72,37,66,0,46,38,82,88,52,0,52,0,37,0,56,0,84,78,66,44,57,51,0,0,75,94,28,0,38,90,63,66,63,46,0,0,43,77,63,56,33,81,0,0,72,63,42,73,54,54,0,50,64,0,81,75,54,66,0,84,27,77,70,89,39,74,65,41,0,56,70,75,0,76,79,0,76,41,76,0,0,53,0,0,86,29,0,53,67,56,0,75,86,21,47,65,83,42,81,0,87,94,49,48,46,37,69,69,0,73,0,0,45,65,49,66,62,65,24,29,57,46,70,100,0
2025-01-19,58,52,77,71,56,64,69,91,54,71,76,70,57,79,71,76,35,33,69,60,77,97,74,69,67,56,41,65,76,42,68,61,80,34,47,82,76,66,44,100,57,29,42,58,71,38,0,39,24,83,85,68,76,72,64,43,77,47,59,70,56,46,63,84,52,43,64,69,44,15,0,36,52,64,3,32,91,20,39,51,34,55,82,47,79,67,75,32,83,60,0,41,82,46,60,31,75,82,13,76,82,64,45,56,86,82,82,77,71,29,85,0,82,41,0,47,72,70,50,0,70,39,80,0,26,18,84,60,0,73,48,81,28,79,76,69,49,0,77,0,70,59,0,0,66,0,71,49,71,36,53,41,80,73,71,0,68,35,61,35,69,0,57,46,80,0,37,0,50,0,35,0,57,0,82,69,66,53,49,47,0,0,0,94,31,0,28,99,83,54,65,48,83,0,44,75,77,54,29,68,0,48,74,67,46,82,62,52,0,52,57,0,62,100,43,80,100,75,25,85,66,0,34,0,86,39,0,47,65,66,0,63,76,0,69,31,74,0,0,42,0,0,67,26,0,51,76,56,0,45,71,16,48,62,0,51,86,0,72,59,48,63,43,36,67,65,0,64,0,0,47,61,29,60,67,64,17,42,54,48,68,15,0
2025-01-26,59,47,74,82,54,65,0,94,54,46,67,66,66,89,70,93,42,33,90,41,78,90,63,66,73,46,52,64,94,40,69,0,87,30,50,89,80,52,57,72,53,30,41,56,67,48,0,36,24,83,88,74,83,76,65,40,80,50,54,60,72,56,92,84,50,100,62,74,49,21,0,40,47,63,3,33,75,22,39,53,56,84,91,43,77,66,70,32,90,58,50,35,84,42,96,100,74,63,13,87,77,55,48,62,80,95,69,40,67,28,81,0,83,33,0,60,68,77,41,0,62,42,83,0,24,18,97,57,0,87,52,67,27,85,55,70,48,0,83,0,68,75,76,0,56,0,69,52,59,38,61,41,79,72,66,0,54,35,70,36,87,0,42,41,86,0,40,0,45,0,44,0,73,0,85,73,48,33,47,42,0,0,0,91,47,0,25,89,80,62,62,52,0,0,47,72,71,59,29,83,0,57,72,69,55,94,75,56,0,46,59,0,68,86,50,87,0,83,18,79,56,0,40,0,93,49,0,65,70,94,0,80,74,0,75,33,72,0,0,50,0,0,69,28,0,50,78,49,0,58,54,21,42,62,0,0,82,100,59,60,47,39,43,37,66,73,0,76,0,0,45,86,61,60,63,62,22,44,52,46,63,15,0
2025-02-02,60,45,79,84,57,61,0,91,55,49,69,68,62,87,70,86,31,47,89,44,79,90,77,78,66,49,47,67,84,46,89,77,90,30,48,89,82,51,49,75,53,25,43,100,67,43,0,35,26,85,88,71,75,77,59,43,78,52,49,65,58,62,97,80,54,100,75,75,48,23,0,49,39,61,3,35,66,24,40,49,55,64,84,40,80,81,74,35,82,57,62,39,78,42,68,51,75,76,10,85,76,56,100,58,81,87,63,50,67,28,85,0,83,31,0,65,81,68,63,0,58,45,83,0,26,0,90,57,0,88,55,0,28,75,69,72,48,0,62,69,69,90,86,0,78,0,72,53,56,40,83,43,77,96,72,0,54,31,70,46,61,0,45,44,90,0,33,0,53,0,33,0,69,0,91,70,46,68,52,44,0,0,0,91,57,0,28,94,63,72,64,55,0,0,57,76,0,77,27,61,0,0,71,58,70,96,0,57,0,54,60,0,70,89,0,75,0,85,20,84,85,51,36,69,0,51,0,45,55,77,0,78,83,0,81,51,66,0,100,50,0,0,70,29,0,50,64,55,0,65,58,18,40,66,0,0,92,0,62,81,49,61,44,43,69,75,0,96,0,0,47,64,56,65,72,61,23,65,57,43,69,16,0
2025-02-09,53,43,79,74,53,68,0,97,58,55,72,60,70,80,71,72,29,45,76,53,82,87,68,83,66,54,47,62,79,50,66,55,80,38,100,86,76,71,37,69,88,32,39,66,90,54,0,33,25,80,80,67,67,69,65,42,86,50,45,57,81,50,83,81,52,50,68,74,46,17,100,40,45,58,3,37,53,36,37,85,37,59,75,30,77,87,49,35,85,61,0,35,83,45,52,40,73,68,10,82,68,55,51,58,77,74,79,45,68,28,75,0,81,25,0,89,78,72,52,0,47,46,72,62,26,22,81,50,42,64,53,54,27,69,71,75,47,0,74,0,95,77,46,0,89,0,73,54,80,37,65,44,70,0,73,0,54,36,62,43,60,0,51,66,69,0,0,0,54,0,47,0,58,0,87,63,62,42,47,43,0,0,47,84,100,0,26,91,68,64,62,97,0,0,44,72,0,67,26,75,100,0,67,59,56,87,54,56,0,54,57,0,56,86,62,55,0,81,17,90,54,57,34,0,0,54,0,65,56,68,0,59,75,0,69,47,69,100,0,48,0,0,68,28,0,48,75,51,0,57,71,16,47,64,0,40,86,0,68,64,50,49,45,49,62,76,0,84,0,0,47,55,39,72,60,58,25,41,52,40,68,18,0
2025-02-16,61,45,83,80,60,58,0,97,58,62,76,71,70,93,80,81,30,100,86,52,96,92,64,69,70,63,37,71,95,51,82,86,84,29,71,88,86,72,19,72,39,25,44,54,77,64,0,36,28,88,98,73,73,79,56,44,99,57,53,49,82,67,86,93,56,51,72,87,55,100,0,56,61,62,4,34,61,44,36,54,71,82,87,35,84,92,78,42,100,76,68,43,84,49,100,38,96,74,100,83,83,69,42,63,86,91,100,35,80,30,86,64,87,100,0,96,81,76,43,0,88,49,82,0,26,19,89,50,0,80,55,56,32,81,64,72,50,0,74,0,78,81,71,0,100,0,78,79,66,44,75,48,79,81,80,0,57,41,59,41,73,0,67,44,87,0,36,100,55,100,30,82,68,0,97,75,41,42,41,47,0,0,0,97,32,0,28,96,74,70,64,49,83,0,52,77,81,72,32,74,0,81,79,67,0,97,53,67,0,56,59,0,99,100,47,74,0,82,22,93,59,56,38,0,89,100,0,67,100,80,0,80,79,0,76,55,77,0,0,55,0,0,77,29,0,53,54,0,0,65,55,21,43,63,0,50,94,0,63,68,53,51,49,37,73,78,100,86,0,0,51,44,46,64,59,65,27,35,56,43,75,15,0
2025-02-23,64,45,80,90,62,63,66,97,62,48,71,77,74,85,75,83,33,51,97,42,96,89,74,96,69,60,45,78,79,53,80,0,84,27,67,84,94,72,31,67,34,35,47,51,75,43,0,32,31,88,89,84,69,85,58,46,71,55,52,66,62,37,74,87,53,38,72,72,57,39,0,37,60,59,3,35,62,28,39,54,65,76,93,28,84,80,67,48,88,49,57,39,100,50,61,49,78,60,21,83,92,67,39,64,80,87,77,0,72,25,82,94,79,66,0,71,98,77,59,0,66,69,87,75,24,0,100,55,0,80,63,67,35,70,100,74,49,0,82,74,73,76,0,0,72,0,75,79,70,45,100,50,81,0,70,0,56,43,73,59,79,0,52,30,83,100,37,0,51,0,31,0,56,0,95,81,67,77,43,47,0,0,53,89,31,0,27,90,70,58,77,56,0,0,55,82,0,71,32,63,0,0,81,65,100,92,55,67,0,57,68,0,96,92,0,73,0,81,27,85,66,69,48,58,66,46,0,70,75,79,0,92,82,0,79,40,68,0,0,49,0,0,74,38,0,57,69,38,0,100,74,26,44,68,0,46,100,0,59,68,52,100,46,39,66,65,0,83,0,0,60,60,46,75,63,58,30,37,53,43,71,15,0
2025-03-02,65,45,84,76,64,61,72,94,61,37,72,70,58,92,76,81,32,46,49,55,91,88,79,74,68,62,41,83,85,60,89,50,92,29,57,91,86,68,34,70,39,37,42,58,70,53,0,33,30,88,83,85,73,78,59,48,63,63,52,0,87,41,64,83,55,44,72,80,52,75,0,52,67,60,4,36,62,25,49,56,51,70,82,26,84,77,47,60,83,65,0,42,92,51,50,35,87,80,15,83,88,72,52,64,79,88,75,87,69,27,83,0,81,31,0,46,84,70,53,0,60,68,91,69,24,23,87,53,37,69,67,59,39,82,57,75,48,0,79,0,71,81,60,0,80,0,73,75,49,42,75,49,77,51,68,0,45,39,70,49,77,100,60,34,78,0,37,0,50,0,30,0,50,0,96,87,54,60,38,51,0,0,74,82,32,0,28,91,83,72,65,57,0,0,54,83,84,81,30,77,0,51,86,63,61,90,0,46,0,53,64,0,81,87,55,73,0,77,23,92,79,58,38,0,0,39,0,67,53,79,0,74,78,0,80,54,64,0,44,58,0,0,72,37,0,53,87,41,0,57,58,23,45,64,0,0,87,0,55,80,55,55,48,35,67,63,0,83,0,0,62,46,75,69,51,62,30,39,52,45,65,15,0
2025-03-09,66,45,85,79,67,61,66,92,62,44,75,78,64,90,80,75,31,45,70,52,95,90,60,75,76,68,40,73,94,63,70,70,83,30,49,85,93,70,23,79,41,35,40,73,72,28,0,35,34,86,90,81,69,90,59,50,71,51,48,58,68,56,61,86,50,37,76,82,62,40,0,42,55,58,4,37,89,27,38,54,54,55,86,34,84,80,57,83,79,64,0,39,78,53,51,32,81,57,12,83,86,76,49,63,78,87,66,76,73,30,80,0,84,32,100,55,84,77,43,0,72,70,81,0,25,21,82,57,0,69,73,47,42,93,45,73,54,0,72,100,73,73,67,0,73,100,76,87,51,43,85,60,70,66,65,0,48,48,71,46,84,0,60,32,73,0,44,0,54,0,27,0,58,0,98,87,56,42,43,50,0,0,73,89,26,0,30,93,73,68,70,72,77,0,55,85,76,87,29,81,0,95,84,62,71,85,72,62,0,53,64,0,54,83,0,61,0,72,22,83,74,0,50,0,0,49,0,100,72,74,0,85,89,0,77,40,70,0,0,47,0,0,82,38,0,55,88,0,0,71,45,28,41,65,0,0,90,0,59,80,57,55,46,41,63,58,0,84,100,0,72,76,47,73,46,63,34,45,50,50,71,16,0
2025-03-16,68,47,86,77,71,61,59,93,63,74,84,76,58,93,79,84,30,43,82,69,98,87,67,78,69,67,46,73,94,54,86,67,89,28,46,85,95,65,18,76,47,36,40,73,65,34,0,34,36,82,87,79,68,83,58,49,70,50,50,56,73,45,58,93,50,36,79,76,45,34,0,45,61,60,4,38,89,25,41,70,62,100,94,25,81,77,53,60,83,70,55,40,93,50,43,33,75,60,14,84,79,76,38,65,81,75,81,38,74,30,85,0,85,36,60,48,81,70,42,0,96,57,81,0,26,18,86,51,0,81,69,0,41,84,65,71,53,62,70,0,76,68,48,0,79,0,76,64,68,41,89,66,74,0,74,0,51,42,73,42,67,0,63,32,84,0,46,0,53,0,27,79,63,0,88,84,47,52,42,49,100,0,61,82,29,0,33,91,67,65,73,69,0,0,56,84,0,91,30,68,0,58,84,66,0,97,77,52,0,54,67,0,69,84,0,66,0,84,25,81,45,61,39,0,0,53,0,66,53,73,0,91,76,0,74,37,68,0,0,48,0,0,87,36,0,51,92,0,0,86,37,21,42,61,0,40,88,0,55,70,55,28,48,50,71,59,0,79,82,0,74,70,69,69,44,62,42,0,50,45,75,45,0
2025-03-23,66,47,83,75,68,59,0,91,58,49,66,74,76,82,76,90,27,47,84,74,93,88,71,65,74,70,37,71,79,44,74,57,90,27,46,86,92,64,14,73,40,32,38,67,67,40,0,34,37,83,88,84,67,84,76,54,83,44,46,0,80,68,60,88,53,34,79,76,52,27,0,46,61,56,5,37,73,25,40,73,58,60,87,21,82,73,60,64,84,91,0,39,78,45,50,33,85,66,18,80,83,78,38,63,80,82,75,36,73,26,82,0,86,36,0,42,97,65,33,0,60,60,83,0,26,0,79,51,0,85,71,54,43,88,85,68,57,0,78,0,73,77,72,0,61,0,75,55,66,41,66,69,74,0,60,0,44,42,77,38,76,0,60,40,79,77,0,0,51,0,25,0,76,0,74,77,57,36,40,48,0,0,47,86,27,0,31,91,79,67,68,66,0,0,58,79,98,92,32,85,0,0,95,62,81,92,0,61,0,48,58,0,71,91,50,83,0,77,30,78,66,54,37,0,0,57,0,73,53,75,0,79,69,0,75,58,64,0,0,58,0,0,72,38,0,52,68,49,0,60,44,21,46,62,0,0,95,0,45,74,51,38,48,34,74,56,0,91,0,0,77,43,54,68,45,64,38,30,49,43,77,18,0
2025-03-30,75,72,84,82,70,55,0,90,58,44,100,72,70,78,72,96,34,49,83,61,93,87,68,92,74,65,42,67,82,43,84,78,88,28,48,90,93,57,31,66,38,31,41,47,67,51,0,38,37,87,86,74,65,81,53,47,80,50,48,71,69,89,67,81,53,39,75,73,45,43,0,47,54,61,5,38,69,21,47,75,53,63,82,24,79,64,50,54,90,60,77,37,87,49,38,33,82,63,17,83,79,64,88,63,87,91,68,78,67,29,81,70,83,24,0,56,97,60,32,0,68,57,81,0,26,23,74,50,0,80,69,91,45,86,51,100,54,0,70,0,68,82,66,0,70,0,73,77,85,38,78,63,71,85,52,0,44,37,77,36,77,0,58,38,80,0,0,0,51,0,33,0,55,0,78,79,60,55,40,50,0,0,72,84,27,0,29,86,75,71,67,58,59,0,59,81,82,83,30,58,0,46,87,59,61,78,52,45,0,45,63,0,75,86,66,73,0,77,32,75,66,43,41,67,86,53,0,71,64,88,0,71,75,0,78,43,59,0,0,46,0,0,69,35,0,54,74,54,0,85,71,29,40,59,0,0,95,0,49,88,48,51,50,42,71,59,0,88,0,0,74,55,57,68,45,74,40,29,49,40,67,8,0
2025-04-06,71,65,81,83,76,54,0,89,60,51,80,71,63,80,72,83,33,36,92,60,86,87,65,82,70,66,38,68,94,46,61,76,95,27,46,85,90,53,27,69,40,37,41,60,67,47,0,35,38,87,88,82,69,85,54,44,69,52,46,57,58,66,88,84,57,47,71,74,44,27,0,46,64,59,6,40,62,25,48,69,64,43,81,19,82,62,57,50,83,69,100,37,81,49,0,36,79,65,10,77,80,91,42,61,82,90,73,61,65,26,80,78,74,37,61,59,79,62,40,0,62,52,78,0,26,17,77,48,0,75,70,58,43,86,30,78,53,0,81,0,68,85,62,0,61,93,67,67,100,40,86,65,68,84,49,0,42,38,79,35,95,0,58,39,78,0,0,0,53,0,26,0,61,0,88,78,60,50,35,46,0,0,100,80,29,0,29,91,76,69,69,62,60,0,58,83,68,85,30,75,0,0,86,67,78,79,69,46,0,53,69,0,74,80,75,100,0,72,29,87,86,49,27,0,0,53,0,69,34,75,0,74,77,0,78,44,58,0,0,43,0,0,73,34,0,56,76,0,0,79,49,17,42,62,0,0,82,0,50,54,49,52,49,38,68,59,0,94,88,0,74,46,36,69,44,71,47,41,49,38,61,15,0
2025-04-13,75,51,76,79,84,63,0,87,59,46,48,72,63,82,71,76,31,37,83,52,89,86,82,76,70,72,42,65,75,48,83,0,87,27,42,84,88,57,15,68,39,34,38,51,67,37,0,36,41,87,86,74,74,77,55,47,70,53,47,52,64,63,100,72,54,52,73,70,44,15,0,46,63,61,7,49,73,23,49,50,53,47,82,17,78,72,43,54,87,58,0,42,75,48,0,32,80,52,12,86,84,90,37,62,75,79,71,60,69,27,85,69,83,17,62,52,74,69,30,0,44,60,77,0,27,21,85,51,0,69,72,45,50,82,66,69,58,0,57,0,73,76,0,0,55,0,73,48,60,48,74,65,66,63,55,0,41,41,79,38,61,0,78,33,68,0,0,0,56,0,30,0,49,0,85,75,59,0,39,47,0,0,57,79,33,0,34,88,79,61,69,51,84,0,57,83,0,77,32,45,0,0,93,66,89,81,0,45,0,43,58,0,48,77,43,73,0,70,29,86,73,42,30,0,72,59,0,52,50,73,0,92,73,0,75,54,57,0,0,46,0,0,87,39,0,54,70,45,0,76,94,26,37,60,0,0,87,0,44,73,56,28,50,39,87,55,0,82,0,0,86,0,48,71,40,70,56,0,50,37,69,12,0
2025-04-20,81,49,87,75,80,64,0,82,57,48,73,76,67,89,74,84,52,34,87,60,87,83,61,79,74,75,45,66,80,53,83,80,86,25,42,87,83,66,17,80,41,53,41,83,64,36,0,32,45,84,80,81,60,80,58,48,70,50,49,60,68,51,16,74,55,51,78,69,49,22,0,47,78,60,16,39,61,28,37,44,53,66,83,13,79,62,54,55,82,58,59,41,87,50,43,34,80,57,11,75,78,81,36,64,77,88,66,45,78,26,83,71,91,30,0,43,87,72,25,0,66,59,77,0,26,18,74,49,0,73,73,71,49,73,49,76,57,0,58,0,69,86,0,0,64,0,76,92,64,46,92,63,68,69,53,0,41,44,82,37,79,0,67,44,75,0,41,0,53,0,31,0,61,0,90,80,62,0,40,42,0,0,76,89,26,0,28,96,71,61,72,59,0,0,64,77,65,81,30,58,0,0,100,63,80,83,0,44,0,52,60,0,42,89,0,84,0,70,30,82,63,44,38,61,0,56,0,66,53,79,0,94,75,0,72,48,56,0,0,53,0,0,77,34,0,59,67,100,0,70,43,34,35,58,100,51,89,0,47,54,49,24,51,35,66,60,0,88,0,0,88,44,72,74,42,76,54,0,47,40,70,0,0
2025-04-27,80,48,91,78,77,58,0,89,57,48,31,74,100,91,75,97,31,47,70,60,85,85,59,76,79,75,40,66,100,93,72,45,88,25,52,89,81,62,20,67,43,34,39,64,65,29,0,35,44,90,88,76,67,73,57,46,80,49,45,45,52,57,13,73,56,54,75,64,56,18,0,42,45,65,100,37,38,27,42,96,43,70,88,13,82,95,55,53,81,39,61,40,84,50,0,33,78,51,9,81,82,78,33,72,79,92,88,60,87,26,84,0,68,24,0,43,88,76,24,0,56,56,82,0,27,20,84,51,0,76,73,63,53,75,78,74,58,68,76,0,64,93,47,0,82,0,76,100,56,42,55,75,65,0,57,0,46,40,85,36,92,0,64,32,83,66,43,0,54,0,34,0,100,90,92,82,86,100,37,44,0,0,0,82,30,0,26,89,72,67,72,55,0,0,66,79,66,82,34,62,0,62,99,67,85,100,0,40,0,52,82,0,58,75,0,89,0,76,32,88,66,73,35,82,70,48,0,85,54,78,0,83,72,0,73,57,57,0,0,42,0,0,73,34,0,55,73,0,0,86,48,40,39,63,0,0,90,0,52,73,48,70,49,35,59,64,0,100,99,86,92,60,70,74,43,73,56,62,49,36,66,11,0
2025-05-04,80,45,95,78,80,61,0,92,57,46,48,71,76,83,74,77,32,40,75,77,89,86,54,86,83,72,46,67,94,57,70,100,93,27,47,87,91,50,9,88,37,35,40,45,72,48,0,38,48,88,80,72,63,76,54,45,89,94,46,87,60,100,10,75,58,29,80,64,43,30,0,49,60,64,27,40,55,30,66,100,50,73,83,16,78,66,46,61,83,66,86,39,86,50,0,34,75,40,10,86,82,82,38,65,82,92,88,64,74,25,86,0,87,17,0,54,86,70,28,0,62,58,80,0,29,23,87,46,0,69,78,51,56,73,75,75,63,0,55,68,73,87,46,0,72,0,73,70,66,40,75,78,61,0,56,0,37,41,87,36,84,0,69,46,83,0,34,0,56,0,21,0,61,70,89,79,54,48,42,48,0,0,0,78,31,0,22,90,87,66,72,55,0,0,61,77,0,77,31,77,0,61,95,66,79,76,0,50,0,49,94,0,76,76,59,65,0,76,29,82,73,50,45,0,60,60,0,77,63,71,0,79,77,0,79,58,53,0,0,62,0,0,77,35,0,51,74,37,0,76,55,42,53,68,0,0,88,0,45,94,49,49,46,43,73,64,0,88,74,0,94,0,60,78,42,75,62,50,53,51,73,0,0
2025-05-11,75,47,89,78,80,62,0,98,54,51,53,76,62,88,82,75,31,40,66,47,91,83,68,100,87,73,51,68,92,56,78,74,93,25,47,93,85,53,23,68,35,35,39,42,80,30,100,35,58,91,83,75,63,76,62,47,68,50,52,0,73,56,9,78,54,38,85,61,52,0,0,51,54,63,11,40,65,24,50,62,76,81,80,15,83,70,50,57,84,55,61,38,66,49,0,32,83,72,8,89,85,83,42,63,81,98,71,49,70,27,86,0,70,31,74,55,81,71,28,0,78,55,83,0,27,23,79,48,0,76,77,71,56,75,61,69,63,0,78,0,76,74,0,0,66,0,77,65,64,42,64,94,66,0,63,0,47,49,75,49,73,0,71,33,67,0,42,0,53,0,37,0,64,0,78,86,58,41,43,47,0,0,59,84,30,0,23,91,67,66,74,62,100,0,80,81,81,84,30,78,0,55,96,64,87,61,0,50,0,39,60,0,59,76,80,98,0,72,37,81,73,46,40,66,0,36,0,57,71,66,0,84,75,0,74,59,57,0,0,100,0,0,74,34,0,51,90,55,0,85,53,53,46,63,0,44,88,0,49,79,52,27,48,46,63,64,0,83,0,0,97,34,57,75,38,71,71,31,51,41,70,31,0
2025-05-18,82,45,94,86,82,64,6,94,53,45,74,76,47,73,85,71,35,37,78,43,97,82,75,92,86,78,45,71,84,48,68,0,92,25,47,86,85,55,38,61,35,36,40,40,65,39,0,36,60,83,87,77,61,78,57,50,75,45,67,62,84,46,9,79,58,33,80,71,38,27,0,44,70,61,10,45,83,22,38,49,32,86,79,14,82,65,50,62,88,61,4,42,67,54,76,29,81,57,0,81,87,91,36,61,83,100,68,3,81,30,83,0,70,26,72,42,76,70,100,0,64,57,85,0,27,37,67,50,0,74,72,8,54,78,54,68,64,0,62,0,70,48,4,0,61,0,74,61,70,49,73,89,73,56,64,0,46,40,87,43,100,0,73,28,65,73,40,0,50,0,38,0,49,0,82,86,51,49,44,45,0,0,3,89,25,0,25,91,81,65,74,58,63,0,74,92,0,90,31,54,0,3,93,61,3,64,11,51,0,48,55,0,46,100,3,77,0,72,32,72,62,6,45,0,8,65,0,50,60,79,0,86,72,0,80,55,68,0,0,49,0,0,76,39,0,50,72,54,0,77,74,43,41,62,0,100,87,0,37,60,53,38,52,50,64,69,0,89,6,0,96,46,89,80,33,72,81,43,47,38,77,16,0
2025-05-25,86,46,95,82,88,62,36,95,51,41,67,78,51,76,83,71,100,38,64,49,100,92,66,90,97,83,50,78,84,56,72,47,100,27,39,92,92,64,23,57,35,35,44,43,69,26,13,40,70,85,95,78,60,77,57,60,65,54,79,39,94,61,8,89,56,30,89,75,40,18,0,45,59,62,12,45,68,24,39,54,36,63,81,34,82,74,54,62,84,48,45,50,71,59,42,28,88,54,10,85,83,100,35,62,92,88,75,48,85,35,84,34,83,30,46,42,81,74,43,44,51,67,89,27,29,23,63,50,11,85,75,52,59,72,41,70,72,24,70,35,71,32,41,100,56,33,81,65,52,49,52,78,77,46,68,100,46,48,93,41,75,31,87,27,55,40,55,42,49,26,33,29,48,24,75,82,48,46,53,51,6,0,44,93,22,100,28,96,74,62,76,60,47,0,91,98,84,89,35,73,25,40,94,63,31,75,50,49,17,42,53,0,51,87,44,68,20,76,57,78,66,34,36,34,52,55,93,50,73,90,0,89,75,71,85,58,77,18,17,47,23,59,72,35,100,56,66,44,62,65,74,70,44,67,27,36,86,55,40,67,62,36,57,45,66,72,30,69,33,18,100,53,56,84,30,84,87,34,54,47,90,11,100
2025-06-01,82,47,100,89,78,59,39,95,54,46,75,75,94,88,88,78,33,44,65,73,97,88,72,94,96,72,46,72,88,51,95,62,97,26,35,91,90,62,23,70,34,34,46,43,58,39,18,37,77,91,88,79,72,75,61,59,69,54,100,58,96,51,9,100,61,38,78,71,40,24,0,46,56,64,10,43,76,23,39,69,40,66,80,20,87,100,55,60,91,62,55,43,84,50,51,28,84,61,11,95,88,79,79,66,85,90,80,75,76,27,86,45,80,41,56,50,82,79,36,56,73,77,100,35,25,22,76,51,9,84,81,53,58,76,52,70,78,31,72,60,62,34,62,0,72,53,76,67,72,46,63,78,79,53,59,69,47,50,85,39,74,33,60,37,61,46,49,50,47,15,32,46,58,25,77,93,57,47,49,48,0,100,48,95,23,0,25,98,74,85,75,56,63,0,90,89,69,94,33,98,31,52,90,64,24,87,40,52,26,40,63,0,53,84,48,76,15,94,54,77,77,45,34,43,56,53,100,56,76,99,0,88,72,100,85,59,61,22,17,50,22,100,75,34,0,57,70,46,100,70,57,59,40,61,38,33,85,50,39,88,54,45,49,69,60,56,25,69,34,24,96,50,61,85,31,85,77,35,50,44,86,14,0
